iter	Passed	Remaining
0	326	1631903
1	460	11497872	623	1039361
3	842	105205744	1065	1063948
5	1219	1014877
6	1389	990949
7	1478	8	1610	8	1639	9	1906	9	1833	10	2182	989992
11	2377	988428
12	2578	989059
13	2688	957595
14	2820	937279
15	2900	903370
16	2987	875658
17	3161	875067
18	3261	855064
19	3334	830246
20	3412	809083
21	3488	789290
22	3556	769581
23	3635	753705
24	3688	733961
25	3772	721651
26	3836	706690
27	3899	692470
28	3972	681001
29	4046	670396
30	4106	658310
31	4174	648018
32	4237	637794
33	4289	626510
34	4357	618116
35	4424	610127
36	4479	600851
37	4536	592429
38	4583	583050
39	4646	576180
40	4708	569471
41	4777	564005
42	4828	556585
43	4886	550404
44	4953	545407
45	5021	540817
46	5060	533253
47	5114	527642
48	5182	523673
49	5253	520100
50	5309	515217
51	5380	511979
52	5426	506476
53	5484	502331
54	5530	497254
55	5590	493526
56	5644	489506
57	5702	485850
58	5762	482598
59	5817	479014
60	5893	477144
61	5964	475053
62	6020	471806
63	6074	468481
64	6120	464721
65	6192	462928
66	6249	460165
67	6313	457943
68	6384	456234
69	6450	454297
70	6495	450960
71	6540	447669
72	6591	444870
73	6654	442996
74	6707	440438
75	6750	437334
76	6801	434839
77	6842	431795
78	6897	429643
79	6936	426585
80	6995	424817
81	7039	422207
82	7081	419536
83	7145	418154
84	7196	416143
85	7246	414050
86	7294	411925
87	7348	410164
88	7394	408052
89	7436	405705
90	7477	403385
91	7534	401963
92	7594	400703
93	7652	399390
94	7702	397677
95	7756	396225
96	7790	393800
97	7828	391575
98	7879	390076
99	7938	388986
100	7990	387559
101	8034	385795
102	8073	383853
103	8113	381969
104	8156	380230
105	8198	378512
106	8243	376964
107	8291	375561
108	8356	374978
109	8411	373946
110	8448	372121
111	8499	370956
112	8551	369821
113	8604	368769
114	8649	367424
115	8699	366262
116	8757	365482
117	8808	364433
118	8857	363289
119	8912	362435
120	8945	360712
121	8981	359106
122	9034	358222
123	9077	356953
124	9118	355616
125	9167	354616
126	9219	353756
127	9269	352816
128	9321	351962
129	9358	350586
130	9397	349270
131	9466	349102
132	9521	348445
133	9571	347568
134	9609	346310
135	9651	345169
136	9702	344400
137	9750	343521
138	9818	343379
139	9848	341872
140	9905	341362
141	9964	340904
142	10014	340157
143	10070	339604
144	10117	338766
145	10176	338321
146	10241	338115
147	10296	337551
148	10342	336736
149	10395	336117
150	10460	335913
151	10503	334994
152	10557	334467
153	10612	333957
154	10661	333259
155	10715	332731
156	10764	332038
157	10817	331508
158	10851	330388
159	10901	329760
160	10965	329578
161	11010	328825
162	11061	328258
163	11114	327756
164	11158	326964
165	11217	326671
166	11270	326167
167	11320	325611
168	11384	325425
169	11444	325161
170	11494	324601
171	11537	323859
172	11585	323258
173	11626	322476
174	11683	322131
175	11740	321795
176	11783	321096
177	11843	320841
178	11879	319957
179	11913	319022
180	11967	318613
181	12010	317942
182	12044	317030
183	12086	316345
184	12141	316004
185	12204	315866
186	12251	315334
187	12288	314529
188	12349	314359
189	12398	313873
190	12448	313439
191	12504	313133
192	12565	312976
193	12617	312571
194	12665	312093
195	12712	311577
196	12770	311356
197	12847	311586
198	12907	311397
199	12974	311395
200	13014	310739
201	13071	310480
202	13129	310261
203	13166	309533
204	13231	309486
205	13294	309383
206	13347	309054
207	13406	308874
208	13463	308631
209	13512	308224
210	13554	307636
211	13622	307673
212	13679	307435
213	13738	307247
214	13794	307013
215	13840	306532
216	13890	306159
217	13965	306348
218	14019	306061
219	14065	305615
220	14109	305102
221	14154	304636
222	14215	304524
223	14269	304245
224	14322	303944
225	14383	303831
226	14433	303492
227	14481	303092
228	14529	302701
229	14583	302448
230	14640	302251
231	14686	301839
232	14730	301369
233	14779	301029
234	14832	300751
235	14880	300380
236	14930	300049
237	14972	299566
238	15015	299124
239	15057	298631
240	15105	298278
241	15158	298035
242	15207	297707
243	15261	297464
244	15326	297467
245	15379	297202
246	15441	297143
247	15505	297104
248	15553	296772
249	15609	296575
250	15664	296373
251	15711	296015
252	15767	295845
253	15822	295645
254	15878	295471
255	15924	295092
256	15969	294717
257	16010	294267
258	16054	293873
259	16105	293616
260	16149	293229
261	16192	292816
262	16254	292774
263	16300	292424
264	16347	292099
265	16415	292143
266	16481	292158
267	16525	291792
268	16576	291531
269	16639	291502
270	16698	291397
271	16747	291117
272	16808	291044
273	16849	290622
274	16880	290033
275	16890	289105
276	16937	288794
277	16988	288557
278	17039	288335
279	17103	288314
280	17171	288364
281	17244	288515
282	17299	288342
283	17348	288080
284	17394	287764
285	17444	287529
286	17478	287030
287	17537	286929
288	17599	286896
289	17644	286567
290	17683	286157
291	17738	286008
292	17789	285785
293	17833	285459
294	17871	285039
295	17930	284954
296	17999	285027
297	18032	284525
298	18083	284319
299	18136	284140
300	18181	283843
301	18223	283493
302	18277	283334
303	18320	283010
304	18383	282983
305	18448	283000
306	18496	282749
307	18557	282705
308	18611	282539
309	18663	282359
310	18706	282035
311	18755	281805
312	18795	281455
313	18846	281264
314	18895	281036
315	18946	280834
316	19000	280692
317	19047	280446
318	19095	280210
319	19143	279970
320	19190	279733
321	19261	279823
322	19301	279489
323	19355	279338
324	19411	279224
325	19473	279192
326	19531	279118
327	19586	278984
328	19634	278764
329	19707	278893
330	19761	278749
331	19820	278685
332	19876	278562
333	19921	278308
334	19966	278041
335	20021	277923
336	20096	278077
337	20148	277911
338	20194	277654
339	20247	277513
340	20297	277321
341	20344	277084
342	20411	277133
343	20468	277041
344	20520	276879
345	20600	277099
346	20653	276951
347	20704	276768
348	20766	276753
349	20816	276567
350	20880	276562
351	20923	276288
352	20979	276185
353	21032	276031
354	21085	275899
355	21123	275551
356	21164	275261
357	21211	275037
358	21255	274777
359	21306	274614
360	21353	274402
361	21400	274184
362	21455	274072
363	21498	273809
364	21557	273747
365	21618	273714
366	21678	273663
367	21722	273414
368	21776	273302
369	21819	273038
370	21878	272978
371	21917	272674
372	21985	272729
373	22044	272672
374	22098	272552
375	22132	272177
376	22186	2720653377	22229	2718103378	22284	2717083379	22324	2714143380	22399	271555383	22592	271584
384	22686	271940
385	22776	272259
386	22836	272208
387	22897	272169
388	22996	272585
389	23058	272562
390	23136	272732
391	23204	272775
392	23279	272899
393	23347	272940
394	23423	273071
395	23499	273213
396	23559	273165
397	23649	273452
398	23718	273510
399	23765	273298
400	23818	273164
401	23873	273066
402	23938	273068
403	24022	273281
404	24105	273488
405	24190	273720
406	24250	273669
407	24333	273873
408	24392	273808
409	24439	273603
410	24496	273514
411	24555	273453
412	24620	273445
413	24681	273407
414	24756	273510
415	24798	273255
416	24856	273181
417	24926	273239
418	24996	273286
419	25061	273289
420	25116	273176
421	25179	273157
422	25249	273211
423	25334	273419
424	25423	273673
425	25503	273835
426	25588	274041
427	25646	273959
428	25702	273858
429	25773	273919
430	25846	273996
431	25922	274102
432	26008	274318
433	26102	274614
434	26211	275073
435	26294	275248
436	26362	275264
437	26462	275622
438	26550	275845
439	26633	276021
440	26715	276185
441	26782	276188
442	26846	276160
443	26920	276238
444	26989	276259
445	27079	276506
446	27165	276703
447	27252	276905
448	27329	277009
449	27375	276796
450	27441	276783
451	27526	276973
452	27589	276927
453	27653	276905
454	27734	277038
455	27792	276954
456	27874	277096
457	27945	277138
458	28046	277471
459	28139	277721
460	28195	277616
461	28265	277636
462	28355	277860
463	28411	277751
464	28491	277867
465	28596	278233
466	28688	278465
467	28779	278697
468	28860	278824
469	28931	278850
470	29000	278859
471	29093	279096
472	29177	279249
473	29239	279198
474	29320	279311
475	29399	279423
476	29472	279459
477	29531	279375
478	29631	279670
479	29704	279718
480	29764	279633
481	29844	279744
482	29919	279801
483	30022	280131
484	30087	280092
485	30159	280119
486	30250	280331
487	30312	280268
488	30399	280429
489	30463	280391
490	30570	280740
491	30644	280785
492	30724	280879
493	30790	280858
494	30883	281075
495	30967	281206
496	31021	281067
497	31089	281057
498	31153	281007
499	31259	281338
500	31350	281529
501	31427	281594
502	31509	281710
503	31578	281703
504	31660	281813
505	31735	281858
506	31806	281864
507	31857	281698
508	31935	281769
509	32029	281989
510	32108	282063
511	32184	282114
512	32232	281925
513	32299	281897
514	32407	282231
515	32489	282335
516	32591	282603
517	32679	282760
518	32758	282832
519	32853	283046
520	32928	283086
521	33011	283191
522	33077	283149
523	33169	283333
524	33266	283553
525	33324	283446
526	33416	283631
527	33477	283547
528	33529	283382
529	33607	283441
530	33697	283601
531	33743	283397
532	33814	283396
533	33944	283888
534	34004	283793
535	34069	283742
536	34132	283675
537	34218	283801
538	34291	283810
539	34377	283935
540	34448	283926
541	34511	283857
542	34595	283962
543	34709	284310
544	34784	284337
545	34877	284515
546	34956	284575
547	35045	284713
548	35113	284678
549	35222	284981
550	35311	285122
551	35436	285542
552	35516	285611
553	35621	285868
554	35709	285997
555	35785	286023
556	35887	286260
557	35987	286482
558	36073	286587
559	36129	286458
560	36205	286483
561	36293	286602
562	36382	286732
563	36473	286872
564	36576	287105
565	36701	287516
566	36770	287483
567	36845	287499
568	36923	287537
569	37023	287746
570	37148	288141
571	37258	288427
572	37341	288502
573	37394	288345
574	37476	288403
575	37569	288556
576	37647	288585
577	37707	288481
578	37781	288481
579	37895	288790
580	37981	288884
581	38057	288895
582	38117	288789
583	38187	288760
584	38288	288965
585	38350	288869
586	38422	288857
587	38527	289085
588	38601	289085
589	38678	289101
590	38754	289114
591	38822	289072
592	38887	289003
593	38980	289135
594	39062	289195
595	39146	289264
596	39231	289344
597	39330	289517
598	39414	289588
599	39496	289638
600	39560	289563
601	39659	289741
602	39783	290098
603	39868	290169
604	39940	290147
605	40008	290094
606	40099	290206
607	40186	290291
608	40289	290497
609	40348	290379
610	40439	290489
611	40506	290427
612	40596	290533
613	40686	290638
614	40783	290787
615	40881	290948
616	40955	290939
617	41069	291211
618	41156	291288
619	41238	291327
620	41333	291467
621	41391	291340
622	41458	291273
623	41521	291185
624	41621	291348
625	41733	291600
626	41842	291830
627	41936	291953
628	42045	292180
629	42132	292253
630	42227	292381
631	42338	292619
632	42440	292790
633	42541	292961
634	42632	293055
635	42732	293213
636	42806	293192
637	42902	293326
638	42993	293419
639	43098	293609
640	43206	293814
641	43299	293927
642	43402	294096
643	43530	294436
644	43609	294450
645	43692	294487
646	43768	294474
647	43858	294559
648	43922	294465
649	43983	294354
650	44067	294392
651	44137	294337
652	44218	294363
653	44291	294329
654	44384	294426
655	44476	294523
656	44597	294806
657	44672	294786
658	44773	294931
659	44851	294934
660	44925	294901
661	45010	294948
662	45081	294899
663	45145	294805
664	45219	294775
665	45284	294689
666	45365	294703
667	45454	294775
668	45562	294966
669	45645	294994
670	45738	295085
671	45830	295171
672	45904	295139
673	45995	295219
674	46100	295383
675	46194	295481
676	46298	295642
677	46405	295819
678	46494	295880
679	46560	295798
680	46649	295860
681	46747	295974
682	46848	296112
683	46950	296256
684	47051	296387
685	47171	296643
686	47238	296562
687	47336	296677
688	47420	296702
689	47499	296698
690	47602	296842
691	47703	296975
692	47776	296931
693	47866	296992
694	47950	297017
695	48072	297276
696	48144	297225
697	48214	297158
698	48324	297342
699	48435	297533
700	48512	297512
701	48614	297644
702	48717	297781
703	48817	297896
704	48891	297854
705	48988	297957
706	49060	297904
707	49139	297889
708	49226	297926
709	49336	298103
710	49440	298242
711	49537	298339
712	49627	298391
713	49701	298350
714	49798	298443
715	49906	298604
716	50007	298718
717	50070	298611
718	50134	298506
719	50220	298534
720	50292	298476
721	50378	298505
722	50490	298681
723	50555	298585
724	50638	298594
725	50707	298518
726	50793	298540
727	50872	298527
728	50951	298508
729	51037	298533
730	51122	298554
731	51221	298651
732	51300	298633
733	51413	298812
734	51499	298834
735	51599	298942
736	51724	299190
737	51805	299181
738	51903	299270
739	52028	299515
740	52130	299624
741	52207	299592
742	52292	299611
743	52417	299848
744	52525	299992
745	52605	299976
746	52694	300011
747	52779	300025
748	52873	300086
749	52965	300136
750	53071	300268
751	53192	300482
752	53282	300516
753	53364	300514
754	53475	300665
755	53589	300835
756	53686	300912
757	53769	300908
758	53884	301084
759	53968	301089
760	54067	301171
761	54148	301157
762	54255	301282
763	54338	301281
764	54447	301420
765	54532	301421
766	54635	301526
767	54719	301528
768	54809	301559
769	54888	301531
770	54988	301619
771	55076	301636
772	55207	301893
773	55318	302035
774	55413	302092
775	55542	302331
776	55643	302422
777	55772	302663
778	55863	302696
779	55975	302840
780	56076	302930
781	56164	302945
782	56262	303012
783	56342	302986
784	56455	303136
785	56546	303162
786	56627	303142
787	56726	303213
788	56804	303170
789	56874	303093
790	56957	303077
791	57039	303060
792	57123	303050
793	57191	302958
794	57289	303020
795	57404	303175
796	57507	303267
797	57590	303251
798	57656	303147
799	57779	303341
800	57877	303406
801	57972	303449
802	58084	303586
803	58159	303530
804	58238	303491
805	58321	303475
806	58412	303496
807	58479	303396
808	58557	303356
809	58650	303387
810	58751	303464
811	58860	303583
812	58964	303671
813	59077	303807
814	59199	303986
815	59308	304099
816	59409	304173
817	59472	304049
818	59564	304076
819	59653	304087
820	59750	304138
821	59820	304050
822	59921	304122
823	60030	304231
824	60114	304215
825	60209	304254
826	60278	304161
827	60368	304174
828	60440	304097
829	60553	304226
830	60642	304235
831	60722	304193
832	60838	304337
833	60951	304464
834	61051	304524
835	61118	304421
836	61216	304473
837	61298	304445
838	61405	304540
839	61514	304643
840	61578	304524
841	61656	304473
842	61736	304434
843	61860	304609
844	61968	304710
845	62062	304736
846	62170	304832
847	62261	304846
848	62335	304777
849	62428	304799
850	62534	304882
851	62636	304948
852	62721	304932
853	62831	305032
854	62908	304976
855	63001	304997
856	63089	304993
857	63197	305086
858	63282	305069
859	63365	305040
860	63456	305047
861	63575	305193
862	63685	305289
863	63768	305263
864	63856	305255
865	63948	305268
866	64074	305442
867	64181	305529
868	64259	305471
869	64367	305558
870	64449	305524
871	64544	305551
872	64635	305558
873	64737	305612
874	64822	305590
875	64924	305651
876	65011	305634
877	65098	305621
878	65176	305567
879	65276	305614
880	65375	305652
881	65469	305670
882	65545	305609
883	65653	305689
884	65777	305845
885	65891	305956
886	65969	305898
887	66083	306007
888	66169	305988
889	66271	306039
890	66358	306023
891	66476	306149
892	66567	306151
893	66642	306080
894	66763	306214
895	66853	306211
896	66959	306283
897	67068	306365
898	67163	306381
899	67264	306425
900	67374	306513
901	67461	306494
902	67584	306639
903	67715	306818
904	67794	306758
905	67909	306866
906	68005	306886
907	68069	306764
908	68167	306792
909	68245	306730
910	68320	306653
911	68440	306779
912	68528	306762
913	68601	306680
914	68703	306727
915	68765	306592
916	68889	306736
917	68997	306806
918	69121	306949
919	69216	306958
920	69292	306886
921	69384	306886
922	69488	306938
923	69605	307048
924	69681	306974
925	69761	306921
926	69822	306782
927	69904	306736
928	69987	306696
929	70088	306732
930	70217	306888
931	70306	306874
932	70391	306841
933	70499	306906
934	70604	306959
935	70683	306898
936	70768	306863
937	70870	306904
938	70990	307021
939	71094	307066
940	71164	306967
941	71261	306983
942	71354	306983
943	71474	307096
944	71553	307034
945	71642	307016
946	71757	307107
947	71829	307019
948	71918	306998
949	72022	307044
950	72133	307116
951	72238	307164
952	72325	307136
953	72417	307130
954	72496	307067
955	72579	307018
956	72648	306917
957	72773	307044
958	72838	306926
959	72948	306993
960	73049	307021
961	73157	307079
962	73272	307166
963	73364	307157
964	73474	307221
965	73566	307212
966	73647	307157
967	73725	307088
968	73793	306979
969	73895	307007
970	73995	307032
971	74096	307057
972	74167	306962
973	74240	306871
974	74316	306794
975	74429	306871
976	74538	306925
977	74637	306944
978	74719	306892
979	74801	306840
980	74888	306807
981	74957	306701
982	75047	306680
983	75166	306777
984	75283	306864
985	75372	306842
986	75476	306876
987	75602	307001
988	75703	307022
989	75823	307123
990	75946	307232
991	76027	307174
992	76114	307139
993	76203	307114
994	76314	307173
995	76394	307112
996	76492	307122
997	76602	307176
998	76708	307219
999	76797	307190
1000	76918	307289
1001	77013	307284
1002	77112	307297
1003	77213	307314
1004	77312	307325
1005	77411	307336
1006	77520	307389
1007	77632	307448
1008	77687	307283
1009	77790	307311
1010	77875	307265
1011	77968	307249
1012	78076	307296
1013	78145	307189
1014	78235	307159
1015	78323	307128
1016	78420	307126
1017	78519	307136
1018	78620	307150
1019	78730	307203
1020	78825	307195
1021	78911	307154
1022	79006	307143
1023	79085	307073
1024	79151	306953
1025	79248	306951
1026	79354	306985
1027	79447	306968
1028	79559	307027
1029	79661	307043
1030	79746	306995
1031	79832	306952
1032	79954	307047
1033	80041	307006
1034	80099	306855
1035	80213	306917
1036	80328	306983
1037	80433	307010
1038	80529	307003
1039	80618	306970
1040	80730	307024
1041	80819	306991
1042	80890	306886
1043	80976	306843
1044	81112	306984
1045	81202	306956
1046	81281	306883
1047	81364	306823
1048	81495	306950
1049	81596	306959
1050	81674	306880
1051	81792	306954
1052	81888	306946
1053	81988	306952
1054	82081	306931
1055	82197	306993
1056	82276	306920
1057	82384	306956
1058	82456	306856
1059	82551	306844
1060	82642	306813
1061	82733	306784
1062	82821	306742
1063	82918	306735
1064	83024	306760
1065	83151	306865
1066	83232	306797
1067	83340	306831
1068	83460	306907
1069	83520	306762
1070	83610	306727
1071	83736	306824
1072	83825	306786
1073	83945	306863
1074	84048	306874
1075	84137	306834
1076	84235	306829
1077	84339	306844
1078	84440	306848
1079	84540	306849
1080	84614	306757
1081	84727	306803
1082	84821	306781
1083	84916	306766
1084	85017	306768
1085	85096	306692
1086	85211	306744
1087	85299	306701
1088	85414	306754
1089	85499	306699
1090	85587	306655
1091	85705	306719
1092	85800	306697
1093	85873	306600
1094	85978	306618
1095	86090	306659
1096	86218	306755
1097	86328	306789
1098	86417	306747
1099	86498	306675
1100	86621	306756
1101	86719	306746
1102	86850	306852
1103	86927	306766
1104	87012	306709
1105	87088	306619
1106	87184	306601
1107	87269	306547
1108	87389	306612
1109	87514	306696
1110	87627	306734
1111	87746	306795
1112	87846	306791
1113	87964	306848
1114	88054	306807
1115	88175	306876
1116	88294	306936
1117	88380	306880
1118	88443	306745
1119	88565	306815
1120	88644	306735
1121	88761	306787
1122	88884	306860
1123	88972	306812
1124	89061	306768
1125	89172	306798
1126	89258	306742
1127	89360	306739
1128	89473	306778
1129	89575	306777
1130	89670	306750
1131	89780	306774
1132	89894	306814
1133	89999	306822
1134	90097	306808
1135	90189	306771
1136	90290	306766
1137	90393	306764
1138	90473	306688
1139	90569	306663
1140	90644	306569
1141	90712	306451
1142	90804	306414
1143	90904	306405
1144	91061	306586
1145	91136	306490
1146	91225	306445
1147	91329	306446
1148	91404	306353
1149	91486	306281
1150	91600	306314
1151	91694	306285
1152	91800	306292
1153	91900	306283
1154	92006	306288
1155	92103	306269
1156	92239	306375
1157	92360	306432
1158	92443	306363
1159	92548	306366
1160	92654	306375
1161	92764	306392
1162	92880	306432
1163	92975	306403
1164	93100	306470
1165	93192	306431
1166	93305	306459
1167	93421	306500
1168	93550	306578
1169	93678	306656
1170	93754	306563
1171	93849	306532
1172	93965	306569
1173	94050	306504
1174	94129	306421
1175	94225	306392
1176	94316	306348
1177	94422	306351
1178	94505	306281
1179	94619	306311
1180	94730	306328
1181	94837	306335
1182	94931	306300
1183	95039	306310
1184	95130	306264
1185	95218	306209
1186	95309	306162
1187	95396	306105
1188	95527	306187
1189	95614	306128
1190	95715	306113
1191	95786	306001
1192	95885	305983
1193	95995	305996
1194	96080	305928
1195	96188	305937
1196	96290	305924
1197	96392	305912
1198	96464	305805
1199	96566	305793
1200	96664	305769
1201	96750	305706
1202	96880	305780
1203	96950	305668
1204	97066	305697
1205	97147	305620
1206	97263	305650
1207	97367	305643
1208	97469	305630
1209	97566	305600
1210	97656	305549
1211	97779	305599
1212	97898	305640
1213	97984	305576
1214	98084	305554
1215	98190	305553
1216	98269	305467
1217	98385	305495
1218	98464	305409
1219	98555	305359
1220	98673	305394
1221	98756	305320
1222	98861	305314
1223	98984	305364
1224	99071	305302
1225	99200	305368
1226	99305	305363
1227	99364	305215
1228	99433	305097
1229	99546	305115
1230	99644	305085
1231	99739	305046
1232	99843	305037
1233	99960	305065
1234	100057	305032
1235	100183	305090
1236	100283	305066
1237	100365	304987
1238	100470	304979
1239	100588	305009
1240	100707	305045
1241	100780	304939
1242	100875	304898
1243	100978	304883
1244	101067	304827
1245	101161	304782
1246	101287	304836
1247	101361	304734
1248	101445	304661
1249	101528	304586
1250	101641	304600
1251	101724	304522
1252	101824	304497
1253	101915	304446
1254	101991	304348
1255	102084	304303
1256	102155	304190
1257	102258	304172
1258	102335	304081
1259	102458	304121
1260	102546	304062
1261	102643	304026
1262	102758	304044
1263	102834	303948
1264	102946	303957
1265	103060	303970
1266	103169	303970
1267	103271	303950
1268	103389	303976
1269	103492	303957
1270	103595	303938
1271	103672	303843
1272	103766	303798
1273	103881	303817
1274	103967	303749
1275	104032	303619
1276	104130	303584
1277	104220	303526
1278	104293	303420
1279	104423	303481
1280	104508	303409
1281	104583	303309
1282	104671	303244
1283	104736	303115
1284	104814	303023
1285	104910	302984
1286	105022	302989
1287	105105	302913
1288	105202	302874
1289	105301	302844
1290	105352	302674
1291	105443	302619
1292	105524	302537
1293	105580	302380
1294	105670	302324
1295	105760	302266
1296	105863	302244
1297	105951	302183
1298	106016	302052
1299	106084	301934
1300	106171	301867
1301	106250	301777
1302	106332	301698
1303	106407	301597
1304	106482	301496
1305	106557	301396
1306	106647	301337
1307	106721	301236
1308	106785	301105
1309	106853	300983
1310	106927	300880
1311	107018	300827
1312	107088	300713
1313	107173	300639
1314	107235	300505
1315	107294	300360
1316	107373	300270
1317	107428	300114
1318	107500	300006
1319	107572	299899
1320	107640	299780
1321	107715	299680
1322	107796	299598
1323	107858	299463
1324	107953	299419
1325	108020	299297
1326	108108	299233
1327	108182	299131
1328	108263	299049
1329	108346	298972
1330	108436	298912
1331	108506	298799
1332	108590	298726
1333	108653	298592
1334	108732	298506
1335	108797	298377
1336	108854	298230
1337	108936	298151
1338	109001	298024
1339	109081	297938
1340	109161	297852
1341	109230	297739
1342	109302	297630
1343	109378	297535
1344	109460	297455
1345	109526	297332
1346	109568	297145
1347	109636	297027
1348	109700	296900
1349	109750	296732
1350	109809	296590
1351	109893	296516
1352	109984	296462
1353	110060	296367
1354	110139	296280
1355	110214	296181
1356	110290	296084
1357	110359	295972
1358	110459	295940
1359	110554	295895
1360	110654	295863
1361	110722	295747
1362	110817	295703
1363	110910	295653
1364	110977	295532
1365	111073	295490
1366	111152	295403
1367	111264	295405
1368	111329	295278
1369	111426	295239
1370	111498	295132
1371	111573	295034
1372	111697	295065
1373	111804	295054
1374	111919	295060
1375	112013	295013
1376	112099	294944
1377	112212	294943
1378	112283	294836
1379	112379	294792
1380	112434	294642
1381	112510	294547
1382	112560	294382
1383	112622	294250
1384	112709	294184
1385	112759	294020
1386	112826	293903
1387	112895	293789
1388	112989	293740
1389	113080	293683
1390	113140	293548
1391	113216	293452
1392	113287	293342
1393	113344	293198
1394	113395	293039
1395	113496	293010
1396	113586	292951
1397	113669	292873
1398	113737	292757
1399	113852	292764
1400	113918	292644
1401	114014	292600
1402	114085	292492
1403	114161	292396
1404	114252	292341
1405	114360	292327
1406	114435	292228
1407	114509	292129
1408	114604	292082
1409	114696	292027
1410	114761	291906
1411	114832	291798
1412	114970	291860
1413	115054	291785
1414	115128	291686
1415	115227	291650
1416	115331	291624
1417	115422	291567
1418	115532	291559
1419	115617	291486
1420	115747	291528
1421	115805	291386
1422	115844	291198
1423	115917	291096
1424	115980	290967
1425	116055	290871
1426	116102	290704
1427	116202	290669
1428	116320	290679
1429	116409	290617
1430	116494	290543
1431	116577	290467
1432	116666	290404
1433	116719	290251
1434	116773	290103
1435	116857	290028
1436	116941	289952
1437	117013	289847
1438	117117	289822
1439	117187	289713
1440	117263	289618
1441	117355	289562
1442	117433	289474
1443	117524	289415
1444	117594	289307
1445	117666	289203
1446	117768	289172
1447	117851	289094
1448	117963	289087
1449	118047	289013
1450	118131	288938
1451	118215	288863
1452	118292	288770
1453	118356	288646
1454	118427	288540
1455	118502	288442
1456	118579	288350
1457	118662	288274
1458	118734	288170
1459	118827	288117
1460	118886	287980
1461	118953	287864
1462	119052	287826
1463	119129	287733
1464	119237	287717
1465	119325	287650
1466	119400	287553
1467	119483	287476
1468	119570	287408
1469	119644	287310
1470	119739	287261
1471	119825	287191
1472	119914	287127
1473	119965	286973
1474	120047	286893
1475	120140	286838
1476	120206	286721
1477	120295	286657
1478	120378	286581
1479	120475	286536
1480	120564	286471
1481	120676	286464
1482	120760	286387
1483	120814	286241
1484	120898	286166
1485	120964	286048
1486	121038	285949
1487	121140	285916
1488	121207	285801
1489	121270	285678
1490	121351	285594
1491	121427	285500
1492	121496	285391
1493	121577	285307
1494	121635	285173
1495	121737	285139
1496	121805	285025
1497	121901	284978
1498	121955	284834
1499	122010	284691
1500	122068	284555
1501	122122	284410
1502	122189	284296
1503	122270	284214
1504	122345	284117
1505	122425	284032
1506	122506	283951
1507	122567	283823
1508	122642	283727
1509	122727	283654
1510	122821	283604
1511	122902	283522
1512	122990	283456
1513	123063	283354
1514	123139	283260
1515	123214	283166
1516	123289	283071
1517	123357	282957
1518	123425	282845
1519	123489	282726
1520	123576	282658
1521	123665	282594
1522	123733	282483
1523	123792	282351
1524	123883	282293
1525	123990	282268
1526	124084	282216
1527	124167	282139
1528	124264	282093
1529	124355	282035
1530	124414	281903
1531	124497	281826
1532	124645	281896
1533	124709	281774
1534	124807	281732
1535	124893	281661
1536	125039	281726
1537	125137	281680
1538	125232	281629
1539	125314	281551
1540	125405	281491
1541	125496	281431
1542	125582	281359
1543	125666	281285
1544	125748	281204
1545	125825	281113
1546	125923	281070
1547	125995	280966
1548	126065	280860
1549	126158	280804
1550	126251	280749
1551	126359	280727
1552	126444	280654
1553	126531	280584
1554	126599	280472
1555	126701	280435
1556	126803	280400
1557	126868	280283
1558	126967	280241
1559	127027	280111
1560	127112	280038
1561	127197	279965
1562	127300	279929
1563	127355	279791
1564	127456	279752
1565	127534	279664
1566	127604	279557
1567	127705	279517
1568	127766	279393
1569	127857	279330
1570	127931	279234
1571	128006	279138
1572	128079	279040
1573	128173	278985
1574	128256	278907
1575	128347	278845
1576	128422	278751
1577	128517	278699
1578	128598	278616
1579	128676	278527
1580	128744	278416
1581	128840	278366
1582	128942	278329
1583	129039	278283
1584	129113	278184
1585	129217	278150
1586	129295	278063
1587	129360	277946
1588	129412	277801
1589	129501	277736
1590	129600	277691
1591	129663	277571
1592	129734	277468
1593	129852	277463
1594	129955	277427
1595	130050	277376
1596	130113	277254
1597	130217	277221
1598	130295	277132
1599	130397	277094
1600	130485	277027
1601	130589	276992
1602	130685	276942
1603	130759	276843
1604	130842	276765
1605	130949	276739
1606	131046	276690
1607	131142	276639
1608	131224	276557
1609	131301	276466
1610	131376	276371
1611	131480	276337
1612	131562	276257
1613	131630	276147
1614	131726	276096
1615	131803	276004
1616	131890	275933
1617	132000	275911
1618	132083	275833
1619	132175	275773
1620	132279	275737
1621	132356	275648
1622	132416	275520
1623	132516	275477
1624	132615	275431
1625	132692	275341
1626	132767	275246
1627	132855	275178
1628	132945	275112
1629	133023	275023
1630	133077	274884
1631	133153	274793
1632	133209	274658
1633	133265	274523
1634	133360	274470
1635	133461	274427
1636	133532	274324
1637	133599	274213
1638	133684	274138
1639	133785	274096
1640	133887	274057
1641	133966	273969
1642	134048	273889
1643	134149	273847
1644	134220	273744
1645	134297	273653
1646	134383	273580
1647	134485	273539
1648	134559	273443
1649	134614	273309
1650	134686	273206
1651	134752	273093
1652	134839	273023
1653	134930	272960
1654	135020	272896
1655	135085	272782
1656	135169	272704
1657	135291	272704
1658	135379	272634
1659	135459	272551
1660	135532	272452
1661	135603	272349
1662	135682	272262
1663	135739	272131
1664	135849	272107
1665	135942	272048
1666	136041	272000
1667	136103	271880
1668	136188	271806
1669	136267	271719
1670	136348	271635
1671	136416	271527
1672	136499	271448
1673	136596	271398
1674	136685	271330
1675	136764	271244
1676	136831	271134
1677	136908	271042
1678	136995	270971
1679	137082	270900
1680	137176	270844
1681	137257	270760
1682	137347	270696
1683	137441	270638
1684	137551	270612
1685	137645	270555
1686	137736	270492
1687	137810	270395
1688	137882	270294
1689	137974	270233
1690	138056	270152
1691	138152	270099
1692	138246	270041
1693	138339	269981
1694	138386	269832
1695	138488	269791
1696	138588	269745
1697	138686	269696
1698	138782	269642
1699	138855	269543
1700	138934	269455
1701	139017	269376
1702	139118	269332
1703	139223	269296
1704	139335	269273
1705	139408	269173
1706	139504	269120
1707	139565	268997
1708	139628	268881
1709	139690	268760
1710	139774	268684
1711	139845	268581
1712	139933	268513
1713	140034	268468
1714	140123	268400
1715	140207	268321
1716	140292	268246
1717	140383	268182
1718	140462	268095
1719	140529	267987
1720	140596	267876
1721	140692	267821
1722	140774	267740
1723	140870	267686
1724	140946	267594
1725	141018	267493
1726	141101	267414
1727	141175	267317
1728	141268	267258
1729	141346	267168
1730	141451	267132
1731	141529	267042
1732	141603	266947
1733	141700	266893
1734	141779	266807
1735	141866	266735
1736	141981	266716
1737	142070	266646
1738	142141	266546
1739	142231	266480
1740	142324	266419
1741	142400	266326
1742	142502	266283
1743	142574	266183
1744	142649	266087
1745	142729	266003
1746	142816	265931
1747	142894	265841
1748	142961	265733
1749	143059	265681
1750	143136	265591
1751	143232	265535
1752	143322	265469
1753	143427	265430
1754	143508	265348
1755	143585	265257
1756	143658	265158
1757	143751	265097
1758	143839	265028
1759	143926	264956
1760	144008	264873
1761	144080	264774
1762	144165	264698
1763	144254	264629
1764	144335	264547
1765	144426	264482
1766	144504	264392
1767	144572	264285
1768	144664	264222
1769	144736	264124
1770	144817	264041
1771	144911	263981
1772	144982	263879
1773	145070	263809
1774	145146	263716
1775	145235	263647
1776	145308	263550
1777	145380	263451
1778	145468	263380
1779	145558	263313
1780	145649	263249
1781	145734	263172
1782	145802	263066
1783	145918	263045
1784	146026	263010
1785	146093	262902
1786	146149	262775
1787	146247	262721
1788	146314	262614
1789	146411	262559
1790	146497	262484
1791	146557	262364
1792	146667	262332
1793	146753	262258
1794	146844	262192
1795	146910	262083
1796	147001	262017
1797	147125	262010
1798	147205	261926
1799	147285	261841
1800	147368	261761
1801	147454	261685
1802	147515	261567
1803	147607	261504
1804	147689	261423
1805	147776	261349
1806	147883	261311
1807	147979	261256
1808	148084	261214
1809	148140	261087
1810	148252	261059
1811	148329	260968
1812	148400	260867
1813	148493	260804
1814	148562	260700
1815	148650	260629
1816	148719	260525
1817	148798	260438
1818	148876	260349
1819	148970	260289
1820	149031	260171
1821	149116	260095
1822	149189	259997
1823	149278	259928
1824	149367	259857
1825	149449	259776
1826	149538	259706
1827	149628	259639
1828	149715	259567
1829	149801	259492
1830	149913	259462
1831	149994	259379
1832	150063	259275
1833	150133	259172
1834	150256	259161
1835	150344	259089
1836	150456	259059
1837	150547	258994
1838	150616	258890
1839	150686	258787
1840	150778	258723
1841	150867	258653
1842	150967	258601
1843	151049	258520
1844	151150	258471
1845	151199	258333
1846	151244	258188
1847	151318	258092
1848	151385	257986
1849	151470	257908
1850	151531	257792
1851	151630	257739
1852	151699	257635
1853	151775	257544
1854	151839	257431
1855	151917	257343
1856	151985	257238
1857	152040	257109
1858	152125	257033
1859	152185	256915
1860	152265	256831
1861	152361	256772
1862	152455	256711
1863	152520	256600
1864	152600	256516
1865	152689	256447
1866	152802	256416
1867	152880	256327
1868	152974	256266
1869	153057	256187
1870	153109	256055
1871	153197	255983
1872	153309	255953
1873	153395	255876
1874	153472	255786
1875	153569	255730
1876	153640	255631
1877	153724	255552
1878	153812	255481
1879	153890	255392
1880	153970	255308
1881	154062	255242
1882	154129	255135
1883	154188	255017
1884	154287	254963
1885	154347	254845
1886	154405	254723
1887	154492	254650
1888	154592	254598
1889	154691	254544
1890	154775	254466
1891	154849	254371
1892	154943	254309
1893	155029	254234
1894	155093	254123
1895	155180	254051
1896	155254	253956
1897	155343	253886
1898	155412	253783
1899	155495	253702
1900	155562	253597
1901	155652	253529
1902	155717	253418
1903	155806	253349
1904	155879	253252
1905	155971	253188
1906	156052	253104
1907	156145	253040
1908	156213	252936
1909	156291	252848
1910	156378	252775
1911	156444	252667
1912	156528	252588
1913	156615	252515
1914	156690	252422
1915	156755	252314
1916	156830	252221
1917	156896	252114
1918	156974	252027
1919	157080	251983
1920	157148	251879
1921	157232	251801
1922	157333	251750
1923	157424	251683
1924	157515	251616
1925	157606	251548
1926	157695	251477
1927	157782	251405
1928	157850	251301
1929	157965	251271
1930	158050	251195
1931	158145	251133
1932	158213	251029
1933	158280	250924
1934	158360	250839
1935	158459	250784
1936	158563	250738
1937	158660	250679
1938	158735	250586
1939	158806	250488
1940	158896	250419
1941	158971	250327
1942	159043	250229
1943	159105	250116
1944	159181	250025
1945	159254	249930
1946	159349	249868
1947	159449	249814
1948	159534	249738
1949	159611	249648
1950	159706	249586
1951	159798	249521
1952	159875	249431
1953	159968	249367
1954	160055	249293
1955	160145	249225
1956	160226	249141
1957	160290	249032
1958	160356	248924
1959	160460	248877
1960	160547	248803
1961	160626	248717
1962	160712	248641
1963	160792	248556
1964	160870	248468
1965	160955	248392
1966	161049	248328
1967	161131	248247
1968	161217	248171
1969	161290	248076
1970	161386	248016
1971	161460	247921
1972	161549	247851
1973	161641	247784
1974	161738	247725
1975	161810	247629
1976	161885	247537
1977	161956	247438
1978	162037	247354
1979	162123	247278
1980	162215	247212
1981	162295	247127
1982	162370	247036
1983	162423	246910
1984	162487	246800
1985	162574	246727
1986	162676	246674
1987	162777	246622
1988	162875	246564
1989	162951	246474
1990	163039	246401
1991	163140	246348
1992	163236	246288
1993	163312	246197
1994	163388	246105
1995	163470	246025
1996	163581	245986
1997	163668	245911
1998	163768	245858
1999	163851	245776
2000	163942	245709
2001	164027	245631
2002	164107	245546
2003	164160	245420
2004	164241	245339
2005	164317	245247
2006	164386	245146
2007	164451	245039
2008	164552	244985
2009	164647	244923
2010	164736	244851
2011	164807	244753
2012	164895	244680
2013	164974	244594
2014	165032	244477
2015	165127	244414
2016	165211	244336
2017	165287	244246
2018	165366	244159
2019	165472	244112
2020	165532	243999
2021	165608	243907
2022	165686	243820
2023	165775	243748
2024	165857	243667
2025	165912	243546
2026	166000	243473
2027	166075	243381
2028	166167	243313
2029	166253	243238
2030	166317	243129
2031	166394	243040
2032	166491	242981
2033	166590	242923
2034	166668	242835
2035	166733	242730
2036	166829	242668
2037	166914	242590
2038	166985	242493
2039	167064	242407
2040	167154	242337
2041	167240	242261
2042	167333	242195
2043	167398	242089
2044	167466	241987
2045	167552	241911
2046	167637	241833
2047	167706	241732
2048	167766	241619
2049	167859	241554
2050	167956	241493
2051	168017	241382
2052	168111	241316
2053	168187	241226
2054	168269	241145
2055	168362	241079
2056	168450	241006
2057	168550	240949
2058	168622	240853
2059	168704	240772
2060	168759	240651
2061	168841	240570
2062	168914	240475
2063	168978	240368
2064	169084	240321
2065	169166	240239
2066	169269	240188
2067	169361	240119
2068	169433	240024
2069	169531	239964
2070	169622	239896
2071	169710	239822
2072	169778	239721
2073	169865	239646
2074	169953	239572
2075	170022	239472
2076	170121	239414
2077	170210	239342
2078	170264	239222
2079	170340	239131
2080	170423	239051
2081	170525	238997
2082	170598	238903
2083	170663	238797
2084	170744	238715
2085	170819	238623
2086	170877	238507
2087	170954	238419
2088	171039	238342
2089	171123	238262
2090	171232	238218
2091	171297	238113
2092	171381	238034
2093	171472	237964
2094	171546	237871
2095	171621	237780
2096	171709	237707
2097	171780	237610
2098	171888	237564
2099	171978	237494
2100	172071	237428
2101	172163	237359
2102	172228	237253
2103	172302	237161
2104	172409	237114
2105	172462	236992
2106	172538	236902
2107	172647	236857
2108	172743	236795
2109	172851	236749
2110	172960	236704
2111	173017	236588
2112	173114	236526
2113	173189	236434
2114	173300	236393
2115	173379	236307
2116	173453	236214
2117	173547	236149
2118	173648	236093
2119	173748	236036
2120	173827	235949
2121	173924	235888
2122	174017	235820
2123	174070	235700
2124	174136	235596
2125	174237	235540
2126	174336	235481
2127	174421	235403
2128	174502	235319
2129	174585	235239
2130	174671	235163
2131	174750	235076
2132	174839	235004
2133	174920	234921
2134	175030	234877
2135	175134	234824
2136	175235	234768
2137	175326	234698
2138	175410	234618
2139	175492	234536
2140	175588	234473
2141	175656	234372
2142	175738	234290
2143	175818	234206
2144	175894	234115
2145	175973	234029
2146	176061	233955
2147	176145	233876
2148	176213	233775
2149	176314	233718
2150	176422	233671
2151	176489	233569
2152	176580	233499
2153	176669	233426
2154	176775	233376
2155	176859	233296
2156	176947	233223
2157	177041	233156
2158	177145	233103
2159	177252	233054
2160	177325	232960
2161	177424	232900
2162	177518	232833
2163	177598	232749
2164	177681	232667
2165	177754	232574
2166	177829	232483
2167	177907	232396
2168	178024	232359
2169	178125	232301
2170	178221	232237
2171	178312	232166
2172	178396	232088
2173	178494	232026
2174	178561	231924
2175	178642	231841
2176	178747	231788
2177	178826	231702
2178	178923	231639
2179	179015	231570
2180	179108	231502
2181	179189	231418
2182	179273	231339
2183	179356	231258
2184	179452	231193
2185	179551	231133
2186	179642	231062
2187	179737	230996
2188	179791	230878
2189	179855	230773
2190	179934	230687
2191	180036	230630
2192	180121	230552
2193	180211	230479
2194	180299	230405
2195	180362	230299
2196	180443	230215
2197	180519	230125
2198	180598	230038
2199	180678	229954
2200	180719	229819
2201	180804	229742
2202	180895	229670
2203	180985	229598
2204	181085	229539
2205	181178	229470
2206	181277	229409
2207	181313	229269
2208	181395	229187
2209	181473	229100
2210	181574	229041
2211	181668	228974
2212	181740	228879
2213	181846	228827
2214	181939	228759
2215	182030	228688
2216	182113	228607
2217	182185	228511
2218	182287	228454
2219	182387	228395
2220	182470	228313
2221	182581	228267
2222	182662	228184
2223	182749	228107
2224	182840	228036
2225	182914	227944
2226	182986	227849
2227	183080	227782
2228	183171	227711
2229	183262	227640
2230	183361	227578
2231	183446	227500
2232	183524	227411
2233	183602	227325
2234	183689	227249
2235	183779	227176
2236	183847	227077
2237	183931	226997
2238	184020	226923
2239	184107	226846
2240	184202	226780
2241	184281	226694
2242	184371	226621
2243	184454	226540
2244	184526	226445
2245	184619	226376
2246	184723	226321
2247	184822	226259
2248	184888	226158
2249	184963	226066
2250	185064	226007
2251	185138	225915
2252	185221	225833
2253	185300	225747
2254	185377	225658
2255	185481	225603
2256	185570	225529
2257	185651	225446
2258	185726	225354
2259	185794	225255
2260	185860	225153
2261	185956	225088
2262	186057	225028
2263	186152	224961
2264	186227	224870
2265	186321	224802
2266	186399	224715
2267	186502	224658
2268	186588	224579
2269	186682	224512
2270	186797	224468
2271	186872	224378
2272	186976	224322
2273	187048	224228
2274	187148	224166
2275	187239	224094
2276	187332	224025
2277	187389	223913
2278	187485	223847
2279	187588	223789
2280	187670	223707
2281	187735	223604
2282	187795	223495
2283	187874	223409
2284	187975	223349
2285	188070	223281
2286	188160	223209
2287	188258	223145
2288	188344	223067
2289	188433	222993
2290	188529	222927
2291	188599	222830
2292	188703	222774
2293	188814	222725
2294	188909	222657
2295	189013	222600
2296	189110	222535
2297	189190	222451
2298	189265	222360
2299	189353	222284
2300	189441	222209
2301	189533	222137
2302	189613	222052
2303	189721	222000
2304	189809	221925
2305	189902	221854
2306	189986	221774
2307	190080	221706
2308	190171	221633
2309	190256	221553
2310	190348	221482
2311	190456	221430
2312	190523	221330
2313	190614	221258
2314	190693	221171
2315	190766	221077
2316	190851	220999
2317	190923	220905
2318	191013	220830
2319	191115	220770
2320	191187	220676
2321	191272	220597
2322	191353	220514
2323	191432	220427
2324	191527	220359
2325	191605	220272
2326	191680	220180
2327	191772	220109
2328	191868	220043
2329	191960	219971
2330	192036	219882
2331	192123	219805
2332	192220	219739
2333	192279	219630
2334	192351	219536
2335	192464	219488
2336	192531	219388
2337	192625	219319
2338	192736	219269
2339	192825	219195
2340	192914	219120
2341	193007	219049
2342	193094	218972
2343	193181	218894
2344	193261	218809
2345	193341	218724
2346	193422	218641
2347	193512	218567
2348	193619	218512
2349	193713	218442
2350	193828	218397
2351	193921	218326
2352	194004	218244
2353	194092	218168
2354	194161	218070
2355	194245	217990
2356	194323	217902
2357	194429	217847
2358	194507	217759
2359	194568	217652
2360	194654	217574
2361	194717	217470
2362	194803	217391
2363	194880	217303
2364	194958	217216
2365	195036	217128
2366	195145	217075
2367	195240	217006
2368	195317	216918
2369	195413	216851
2370	195517	216792
2371	195616	216728
2372	195709	216657
2373	195774	216556
2374	195875	216494
2375	195979	216434
2376	196101	216396
2377	196188	216318
2378	196262	216227
2379	196335	216134
2380	196425	216059
2381	196535	216007
2382	196630	215939
2383	196716	215859
2384	196808	215787
2385	196877	215690
2386	196968	215617
2387	197087	215575
2388	197158	215479
2389	197250	215407
2390	197351	215344
2391	197434	215262
2392	197509	215172
2393	197627	215128
2394	197719	215056
2395	197810	214982
2396	197871	214877
2397	197952	214792
2398	198036	214711
2399	198129	214639
2400	198202	214547
2401	198300	214481
2402	198383	214399
2403	198471	214322
2404	198549	214235
2405	198641	214162
2406	198738	214095
2407	198851	214046
2408	198946	213976
2409	199016	213881
2410	199112	213812
2411	199182	213716
2412	199267	213636
2413	199355	213559
2414	199463	213504
2415	199551	213427
2416	199629	213339
2417	199700	213244
2418	199778	213157
2419	199862	213076
2420	199974	213025
2421	200041	212926
2422	200134	212854
2423	200238	212794
2424	200338	212730
2425	200417	212644
2426	200521	212583
2427	200606	212504
2428	200695	212428
2429	200761	212327
2430	200841	212242
2431	200941	212178
2432	201045	212118
2433	201129	212036
2434	201219	211961
2435	201330	211909
2436	201441	211856
2437	201524	211774
2438	201590	211673
2439	201680	211599
2440	201757	211510
2441	201841	211429
2442	201906	211328
2443	201988	211244
2444	202078	211169
2445	202176	211103
2446	202251	211012
2447	202337	210933
2448	202429	210860
2449	202536	210803
2450	202631	210733
2451	202747	210685
2452	202868	210642
2453	202974	210583
2454	203042	210485
2455	203138	210416
2456	203236	210350
2457	203300	210248
2458	203373	210155
2459	203442	210058
2460	203542	209993
2461	203639	209925
2462	203729	209850
2463	203824	209780
2464	203918	209709
2465	204011	209636
2466	204120	209581
2467	204227	209523
2468	204340	209471
2469	204424	209389
2470	204521	209322
2471	204625	209260
2472	204733	209204
2473	204841	209146
2474	204932	209072
2475	205003	208977
2476	205085	208894
2477	205165	208808
2478	205249	208726
2479	205349	208661
2480	205444	208590
2481	205541	208522
2482	205638	208453
2483	205720	208370
2484	205827	208312
2485	205947	208266
2486	206035	208189
2487	206130	208119
2488	206214	208037
2489	206310	207968
2490	206384	207875
2491	206470	207795
2492	206553	207713
2493	206632	207626
2494	206731	207560
2495	206832	207495
2496	206911	207409
2497	206994	207325
2498	207078	207244
2499	207183	207183
2500	207275	207109
2501	207367	207036
2502	207470	206973
2503	207549	206885
2504	207643	206814
2505	207747	206752
2506	207834	206673
2507	207896	206570
2508	207998	206505
2509	208096	206437
2510	208182	206358
2511	208247	206258
2512	208342	206187
2513	208443	206122
2514	208532	206045
2515	208627	205974
2516	208721	205902
2517	208825	205840
2518	208912	205761
2519	209007	205689
2520	209064	205581
2521	209169	205520
2522	209248	205433
2523	209336	205355
2524	209419	205272
2525	209501	205188
2526	209588	205109
2527	209692	205047
2528	209780	204969
2529	209870	204892
2530	209976	204833
2531	210053	204743
2532	210162	204686
2533	210278	204635
2534	210384	204575
2535	210466	204490
2536	210555	204413
2537	210641	204333
2538	210719	204246
2539	210827	204187
2540	210924	204117
2541	211014	204041
2542	211137	203997
2543	211227	203921
2544	211326	203853
2545	211417	203777
2546	211510	203704
2547	211593	203621
2548	211700	203561
2549	211762	203457
2550	211853	203382
2551	211935	203298
2552	212062	203258
2553	212145	203174
2554	212238	203101
2555	212336	203032
2556	212449	202978
2557	212577	202937
2558	212675	202868
2559	212790	202816
2560	212902	202760
2561	213000	202691
2562	213091	202615
2563	213184	202542
2564	213284	202474
2565	213372	202396
2566	213466	202323
2567	213532	202223
2568	213612	202137
2569	213708	202067
2570	213805	201996
2571	213898	201922
2572	213988	201846
2573	214086	201776
2574	214163	201687
2575	214317	201671
2576	214427	201613
2577	214498	201518
2578	214613	201465
2579	214701	201386
2580	214810	201327
2581	214918	201267
2582	215040	201220
2583	215112	201127
2584	215234	201079
2585	215340	201017
2586	215424	200935
2587	215552	200893
2588	215646	200820
2589	215748	200754
2590	215831	200671
2591	215925	200597
2592	216024	200529
2593	216122	200458
2594	216202	200372
2595	216295	200298
2596	216441	200272
2597	216540	200204
2598	216645	200140
2599	216747	200074
2600	216814	199976
2601	216897	199892
2602	216993	199820
2603	217070	199731
2604	217194	199685
2605	217294	199617
2606	217364	199521
2607	217460	199450
2608	217540	199363
2609	217634	199289
2610	217759	199244
2611	217844	199162
2612	217932	199083
2613	218042	199023
2614	218142	198956
2615	218219	198866
2616	218288	198770
2617	218421	198732
2618	218547	198686
2619	218634	198606
2620	218751	198553
2621	218860	198493
2622	218980	198443
2623	219077	198372
2624	219187	198312
2625	219292	198248
2626	219392	198179
2627	219508	198125
2628	219601	198050
2629	219715	197994
2630	219809	197920
2631	219905	197847
2632	219998	197773
2633	220077	197685
2634	220166	197607
2635	220249	197522
2636	220329	197436
2637	220422	197360
2638	220513	197284
2639	220611	197213
2640	220714	197147
2641	220802	197067
2642	220896	196993
2643	220984	196913
2644	221075	196836
2645	221173	196766
2646	221279	196702
2647	221383	196636
2648	221490	196574
2649	221555	196473
2650	221645	196395
2651	221765	196344
2652	221862	196273
2653	221962	196203
2654	222059	196131
2655	222141	196046
2656	222242	195977
2657	222337	195904
2658	222434	195832
2659	222522	195752
2660	222611	195673
2661	222687	195583
2662	222786	195512
2663	222878	195436
2664	222965	195356
2665	223052	195275
2666	223136	195192
2667	223216	195105
2668	223302	195023
2669	223404	194956
2670	223505	194887
2671	223619	194830
2672	223728	194768
2673	223842	194710
2674	223926	194627
2675	224015	194548
2676	224101	194466
2677	224212	194407
2678	224298	194325
2679	224384	194243
2680	224482	194172
2681	224579	194099
2682	224682	194032
2683	224777	193958
2684	224859	193872
2685	224972	193814
2686	225105	193773
2687	225186	193687
2688	225261	193596
2689	225319	193489
2690	225435	193434
2691	225524	193354
2692	225641	193299
2693	225711	193203
2694	225805	193128
2695	225898	193052
2696	226019	193000
2697	226100	192914
2698	226209	192852
2699	226305	192779
2700	226417	192718
2701	226521	192652
2702	226630	192589
2703	226731	192520
2704	226818	192439
2705	226921	192371
2706	227029	192308
2707	227134	192242
2708	227230	192169
2709	227339	192105
2710	227426	192024
2711	227513	191943
2712	227615	191874
2713	227709	191799
2714	227827	191744
2715	227944	191688
2716	228062	191632
2717	228172	191570
2718	228261	191490
2719	228353	191413
2720	228453	191343
2721	228588	191302
2722	228707	191247
2723	228816	191184
2724	228916	191113
2725	229019	191045
2726	229108	190965
2727	229202	190890
2728	229313	190828
2729	229406	190751
2730	229491	190668
2731	229589	190596
2732	229688	190524
2733	229779	190446
2734	229884	190379
2735	229962	190290
2736	230091	190244
2737	230164	190150
2738	230255	190072
2739	230348	189995
2740	230478	189949
2741	230552	189856
3812	166755
2750	203889	166684
2751	203991	166632
2752	204065	166558
2753	204165	166505
2754	204261	166449
2755	204368	166401
2756	204438	166324
2757	204529	166264
2758	204603	166189
2759	204684	166120
2760	204772	166058
2761	204860	165995
2762	204953	165935
2763	205025	165860
2764	205116	165799
2765	205194	165728
2766	205271	165656
2767	205361	165595
2768	205439	165523
2769	205517	165452
2770	205604	165388
2771	205698	165330
2772	205785	165266
2773	205872	165202
2774	205942	165125
2775	206026	165058
2776	206106	164988
2777	206171	164907
2778	206252	164838
2779	206342	164777
2780	206441	164722
2781	206544	164671
2782	206641	164615
2783	206721	164545
2784	206807	164480
2785	206912	164431
2786	206990	164359
2787	207081	164298
2788	207168	164234
2789	207251	164166
2790	207345	164107
2791	207428	164040
2792	207524	163983
2793	207599	163909
2794	207684	163844
2795	207783	163789
2796	207849	163708
2797	207952	163656
2798	208044	163596
2799	208126	163527
2800	208209	163460
2801	208307	163404
2802	208378	163327
2803	208458	163258
2804	208562	163206
2805	208639	163134
2806	208707	163055
2807	208776	162976
2808	208868	162915
2809	208956	162852
2810	209049	162792
2811	209145	162735
2812	209230	162668
2813	209332	162615
2814	209415	162548
2815	209516	162494
2816	209599	162426
2817	209675	162353
2818	209777	162300
2819	209874	162243
2820	209954	162173
2821	210021	162092
2822	210105	162026
2823	210208	161973
2824	210291	161906
2825	210384	161845
2826	210460	161772
2827	210551	161710
2828	210636	161644
2829	210720	161577
2830	210790	161499
2831	210876	161433
2832	210929	161342
2833	211004	161268
2834	211095	161206
2835	211151	161118
2836	211251	161063
2837	211326	160989
2838	211411	160922
2839	211506	160864
2840	211597	160802
2841	211690	160741
2842	211786	160683
2843	211875	160619
2844	211979	160567
2845	212073	160508
2846	212170	160450
2847	212241	160373
2848	212329	160308
2849	212414	160242
2850	212518	160190
2851	212603	160123
2852	212671	160043
2853	212740	159965
2854	212854	159920
2855	212943	159856
2856	213043	159801
2857	213154	159753
2858	213247	159693
2859	213329	159624
2860	213419	159560
2861	213513	159500
2862	213594	159431
2863	213664	159353
2864	213760	159294
2865	213859	159238
2866	213977	159195
2867	214098	159155
2868	214185	159089
2869	214267	159021
2870	214339	158944
2871	214426	158878
2872	214538	158831
2873	214637	158775
2874	214733	158716
2875	214838	158663
2876	214915	158590
2877	215006	158527
2878	215103	158469
2879	215187	158401
2880	215258	158324
2881	215334	158251
2882	215418	158183
2883	215505	158116
2884	215584	158045
2885	215662	157972
2886	215763	157917
2887	215861	157860
2888	215938	157786
2889	216030	157725
2890	216109	157652
2891	216195	157586
2892	216313	157543
2893	216413	157486
2894	216522	157436
2895	216617	157377
2896	216742	157338
2897	216853	157289
2898	216910	157201
2899	216989	157130
2900	217068	157058
2901	217167	157000
2902	217265	156943
2903	217347	156873
2904	217441	156812
2905	217532	156749
2906	217620	156684
2907	217694	156608
2908	217782	156542
2909	217889	156490
2910	217977	156425
2911	218078	156369
2912	218170	156306
2913	218278	156255
2914	218381	156200
2915	218480	156143
2916	218555	156068
2917	218633	155995
2918	218711	155922
2919	218801	155858
2920	218895	155797
2921	218955	155711
2922	219015	155626
2923	219125	155576
2924	219226	155519
2925	219335	155469
2926	219431	155408
2927	219520	155343
2928	219617	155284
2929	219711	155222
2930	219795	155154
2931	219875	155082
2932	219970	155021
2933	220046	154947
2934	220156	154897
2935	220253	154837
2936	220336	154768
2937	220423	154701
2938	220521	154642
2939	220610	154577
2940	220699	154512
2941	220786	154445
2942	220867	154374
2943	220936	154295
2944	221015	154223
2945	221075	154137
2946	221178	154081
2947	221263	154014
2948	221362	153955
2949	221462	153897
2950	221594	153861
2951	221670	153787
2952	221758	153721
2953	221847	153655
2954	221950	153600
2955	222041	153536
2956	222122	153465
2957	222215	153402
2958	222303	153336
2959	222376	153259
2960	222483	153206
2961	222554	153128
2962	222635	153057
2963	222731	152996
2964	222831	152938
2965	222921	152873
2966	223003	152802
2967	223116	152753
2968	223196	152681
2969	223270	152605
2970	223358	152539
2971	223433	152464
2972	223528	152402
2973	223640	152351
2974	223738	152292
2975	223810	152215
2976	223882	152137
2977	223954	152060
2978	224054	152002
2979	224142	151935
2980	224217	151859
2981	224311	151797
2982	224403	151733
2983	224496	151670
2984	224570	151594
2985	224664	151531
2986	224746	151461
2987	224837	151396
2988	224940	151339
2989	225045	151284
2990	225136	151219
2991	225221	151151
2992	225313	151087
2993	225421	151034
2994	225515	150971
2995	225646	150932
2996	225749	150876
2997	225867	150829
2998	225960	150765
2999	226058	150705
3000	226146	150638
3001	226248	150581
3002	226339	150516
3003	226420	150444
3004	226496	150369
3005	226590	150306
3006	226691	150248
3007	226789	150187
3008	226856	150106
3009	226953	150045
3010	227030	149971
3011	227128	149910
3012	227220	149846
3013	227275	149757
3014	227373	149696
3015	227463	149631
3016	227550	149563
3017	227649	149503
3018	227738	149436
3019	227845	149382
3020	227952	149327
3021	228030	149253
3022	228127	149192
3023	228211	149122
3024	228305	149059
3025	228382	148984
3026	228485	148926
3027	228593	148872
3028	228692	148812
3029	228774	148741
3030	228900	148698
3031	228973	148621
3032	229051	148547
3033	229149	148486
3034	229242	148422
3035	229317	148346
3036	229405	148278
3037	229506	148219
3038	229592	148150
3039	229692	148091
3040	229780	148023
3041	229861	147951
3042	229944	147880
3043	230023	147807
3044	230101	147733
3045	230195	147669
3046	230269	147592
3047	230341	147515
3048	230411	147436
3049	230498	147367
3050	230590	147302
3051	230681	147236
3052	230761	147164
3053	230861	147103
3054	230953	147039
577
3053	228361	145511
3054	228443	145441
3055	228554	145389
3056	228620	145309
3057	228700	145237
3058	228801	145179
3059	228887	145111
3060	228978	145047
3061	229075	144986
3062	229131	144899
3063	229208	144826
3064	229287	144754
3065	229384	144693
3066	229472	144626
3067	229560	144560
3068	229682	144515
3069	229768	144447
3070	229862	144384
3071	229931	144306
3072	230017	144238
3073	230104	144171
3074	230202	144110
3075	230275	144034
228457	142415
3080	228546	142349
3081	228621	142276
3082	228712	142212
3083	228824	142162
3084	228915	142098
3085	229010	142037
3086	229114	141981
3087	229203	141916
3088	229289	141849
3089	229395	141794
3090	229466	141718
3091	229554	141652
3092	229630	141579
3093	229718	141513
3094	229804	141446
3095	229888	141378
3096	229983	141316
3097	230057	141242
3098	230152	141180
3099	230208	141095
3100	230291	141026
3101	230373	140957
3102	230455	140887
3103	230534	140815
28	137412
3108	225813	137347
3109	225893	137279
3110	225995	137224
3111	226071	137153
3112	226137	137077
3113	226227	137014
3114	226308	136947
3115	226378	136873
3116	226468	136811
3117	226555	136747
3118	226624	136672
3119	226704	136604
3120	226811	136551
3121	226879	136476
3122	226990	136426
3123	227073	136360
3124	227163	136297
3125	227224	136218
3126	227324	136161
3127	227419	136102
3128	227501	136035
3129	227582	135967
3130	227677	135908
3131	227779	135852
3132	227864	135787
3133	227927	135709
3134	228037	135658
3135	228128	135596
3136	228189	135517
3137	228272	135450
3138	228347	135379
3139	228431	135312
3140	228523	135251
3141	228607	135185
3142	228678	135111
3143	228750	135038
3144	228828	134969
3145	228919	134906
3146	228999	134838
3147	229068	134763
3148	229165	134704
3149	229282	134658
3150	229364	134590
3151	229455	134528
3152	229549	134468
3153	229619	134393
3154	229719	134336
3155	229806	134272
3156	229889	134205
3157	229990	134149
3158	230072	134081
3159	230161	134018
3160	230238	133947
3161	230320	133880
3162	230423	133824
3163	230501	133755
12	156937	87284
3213	156988	87237
3214	157053	87197
3215	157114	87155
3216	157193	87123
3217	157245	87076
3218	157317	87040
3219	157363	86989
3220	157425	86948
3221	157481	86903
3222	157552	86866
3223	157589	86811
3224	157650	86769
3225	157705	86723
3226	157767	86681
3227	157798	86622
3228	157841	86570
3229	157895	86524
3230	157949	86478
3231	158022	86442
3232	158070	86393
3233	158128	86349
3234	158180	86302
3235	158224	86251
3236	158288	86210
3237	158342	86164
3238	158401	86120
3239	158456	86075
3240	158515	86031
3241	158539	85969
3242	158596	85924
3243	158655	85881
3244	158714	85837
3245	158769	85792
3246	158816	85742
3247	158876	85699
3248	158926	85651
3249	158987	85608
3250	159056	85570
3251	159120	85529
3252	159175	85484
3253	159241	85444
3254	159307	85404
3255	159375	85365
3256	159426	85317
3257	159480	85271
3258	159529	85222
3259	159590	85179
3260	159652	85138
3261	159704	85090
3262	159763	85047
3263	159825	85005
3264	159872	84955
3265	159924	84907
3266	159968	84856
3267	160025	84811
3268	160084	84767
3269	160140	84722
3270	160197	84677
3271	160273	84643
3272	160340	84603
3273	160410	84565
3274	160456	84515
3275	160507	84467
3276	160571	84426
3277	160609	84371
3278	160654	84320
3279	160719	84279
3280	160753	84223
3281	160814	84180
3282	160873	84136
3283	160929	84091
3284	160995	84050
3285	161048	84004
3286	161109	83961
3287	161178	83922
3288	161227	83873
3289	161286	83829
3290	161358	83792
3291	161422	83751
3292	161485	83709
3293	161534	83660
3294	161596	83618
3295	161637	83565
3296	161670	83507
3297	161737	83467
3298	161788	83419
3299	161854	83379
3300	161896	83326
3301	161960	83285
3302	161994	83228
3303	162053	83184
3304	162099	83134
3305	162156	83089
3306	162185	83029
3307	162267	82997
3308	162332	82956
3309	162382	82908
3310	162430	82858
3311	162475	82807
3312	162528	82760
3313	162587	82716
3314	162642	82670
3315	162682	82616
3316	162730	82567
3317	162796	82526
3318	162854	82482
3319	162917	82440
3320	162996	82406
3321	163057	82363
3322	163107	82314
3323	163157	82265
3324	163210	82219
3325	163273	82176
3326	163329	82130
3327	163388	82087
3328	163443	82041
3329	163505	81998
3330	163546	81945
3331	163603	81900
3332	163670	81859
3333	163736	81818
3334	163796	81775
3335	163858	81732
3336	163906	81683
3337	163964	81638
3338	164021	81592
3339	164076	81546
3340	164144	81507
3341	164213	81467
3342	164248	81411
3343	164290	81358
3344	164345	81312
3345	164405	81269
3346	164472	81228
3347	164527	81182
3348	164587	81138
3349	164649	81096
3350	164704	81049
3351	164768	81007
3352	164832	80965
3353	164883	80917
3354	164952	80878
3355	165010	80833
3356	165044	80776
3357	165082	80722
3358	165117	80666
3359	165164	80616
3360	165203	80561
3361	165263	80518
3362	165319	80471
3363	165365	80421
3364	165435	80382
3365	165495	80338
3366	165568	80301
3367	165612	80249
3368	165657	80197
3369	165720	80155
3370	165767	80105
3371	165815	80055
3372	165860	80004
3373	165916	79958
3374	165970	79911
3375	166019	79862
3376	166075	79816
3377	166141	79775
3378	166209	79735
3379	166262	79687
3380	166333	79649
3381	166395	79606
3382	166466	79567
3383	166512	79516
3384	166575	79474
3385	166642	79433
3386	166715	79395
3387	166794	79360
3388	166837	79308
3389	166893	79261
3390	166947	79215
3391	166991	79163
3392	167041	79114
3393	167098	79068
3394	167169	79029
3395	167193	78968
3396	167258	78926
3397	167320	78884
3398	167346	78823
3399	167379	78766
3400	167432	78719
3401	167487	78672
3402	167545	78627
3403	167612	78586
3404	167657	78535
3405	167707	78486
3406	167771	78444
3407	167833	78400
3408	167899	78359
3409	167943	78307
3410	168001	78262
3411	168068	78221
3412	168136	78181
3413	168203	78140
3414	168257	78093
3415	168321	78050
3416	168370	78001
3417	168452	77967
3418	168492	77913
3419	168539	77863
3420	168594	77816
3421	168645	77768
3422	168693	77718
3423	168742	77669
3424	168788	77618
3425	168828	77564
3426	168880	77516
3427	168926	77465
3428	168998	77426
3429	169030	77369
3430	169076	77318
3431	169147	77279
3432	169193	77228
3433	169233	77175
3434	169292	77130
3435	169354	77086
3436	169427	77048
3437	169482	77001
3438	169518	76946
3439	169590	76907
3440	169656	76865
3441	169717	76821
3442	169779	76777
3443	169837	76732
3444	169897	76688
3445	169940	76635
3446	169982	76583
3447	170036	76536
3448	170083	76485
3449	170137	76438
3450	170187	76389
3451	170230	76337
3452	170275	76286
3453	170311	76230
3454	170363	76182
3455	170417	76135
3456	170484	76094
3457	170544	76049
3458	170620	76012
3459	170690	75972
3460	170746	75925
3461	170808	75882
3462	170868	75837
3463	170915	75787
3464	170990	75749
3465	171048	75703
3466	171111	75659
3467	171161	75611
3468	171187	75551
3469	171225	75497
3470	171271	75446
3471	171328	75400
3472	171404	75362
3473	171453	75313
3474	171502	75263
3475	171573	75223
3476	171633	75178
3477	171687	75131
3478	171758	75091
3479	171793	75036
3480	171858	74993
3481	171905	74943
3482	171972	74901
3483	172013	74848
3484	172077	74805
3485	172143	74763
3486	172214	74723
3487	172270	74676
3488	172350	74640
3489	172419	74599
3490	172472	74552
3491	172520	74502
3492	172578	74456
3493	172628	74407
3494	172686	74361
3495	172731	74310
3496	172805	74271
3497	172859	74223
3498	172914	74176
3499	172964	74127
3500	173026	74083
3501	173092	74041
3502	173144	73993
3503	173219	73954
3504	173274	73907
3505	173323	73857
3506	173387	73814
3507	173450	73770
3508	173520	73730
3509	173567	73679
3510	173627	73634
3511	173700	73595
3512	173754	73547
3513	173814	73502
3514	173874	73457
3515	173927	73409
3516	173988	73364
3517	174041	73317
3518	174069	73258
3519	174113	73206
3520	174180	73164
3521	174223	73112
3522	174270	73061
3523	174321	73013
3524	174379	72967
3525	174464	72932
3526	174525	72887
3527	174578	72839
3528	174631	72791
3529	174677	72741
3530	174715	72686
3531	174781	72644
3532	174839	72598
3533	174892	72550
3534	174950	72504
3535	175012	72460
3536	175047	72404
3537	175112	72361
3538	175153	72308
3539	175206	72260
3540	175247	72207
3541	175292	72155
3542	175343	72107
3543	175412	72065
3544	175470	72019
3545	175522	71971
3546	175577	71923
3547	175635	71877
3548	175690	71830
3549	175746	71783
3550	175823	71745
3551	175879	71698
3552	175937	71652
3553	175996	71606
3554	176070	71567
3555	176122	71518
3556	176165	71466
3557	176208	71414
3558	176273	71371
3559	176343	71330
3560	176402	71284
3561	176434	71227
3562	176487	71179
3563	176536	71129
3564	176599	71085
3565	176643	71033
3566	176699	70986
3567	176762	70942
3568	176819	70896
3569	176880	70851
3570	176934	70803
3571	176989	70756
3572	177038	70706
3573	177102	70662
3574	177153	70613
3575	177213	70568
3576	177273	70522
3577	177318	70471
3578	177382	70427
3579	177444	70382
3580	177510	70340
3581	177562	70291
3582	177616	70243
3583	177677	70198
3584	177749	70157
3585	177793	70106
3586	177854	70060
3587	177906	70012
3588	177949	69960
3589	178021	69919
3590	178083	69874
3591	178113	69817
3592	178166	69768
3593	178223	69722
3594	178279	69675
3595	178324	69624
3596	178390	69580
3597	178445	69533
3598	178511	69490
3599	178574	69445
3600	178631	69398
3601	178693	69354
3602	178759	69310
3603	178828	69268
3604	178891	69224
3605	178967	69184
3606	179008	69131
3607	179057	69082
3608	179100	69029
3609	179165	68986
3610	179221	68939
3611	179275	68891
3612	179332	68844
3613	179410	68805
3614	179492	68768
3615	179550	68721
3616	179617	68678
3617	179667	68629
3618	179716	68579
3619	179770	68531
3620	179837	68488
3621	179906	68446
3622	179949	68393
3623	180002	68345
3624	180049	68294
3625	180130	68256
3626	180199	68214
3627	180254	68166
3628	180314	68120
3629	180356	68068
3630	180396	68014
3631	180454	67968
3632	180501	67917
3633	180531	67860
3634	180585	67812
3635	180649	67768
3636	180701	67719
3637	180753	67670
3638	180804	67621
3639	180859	67573
3640	180919	67527
3641	180987	67485
3642	181032	67433
3643	181100	67390
3644	181148	67340
3645	181203	67292
3646	181251	67242
3647	181311	67196
3648	181358	67145
3649	181422	67101
3650	181469	67050
3651	181537	67007
3652	181601	66963
3653	181643	66910
3654	181694	66861
3655	181743	66811
3656	181806	66766
3657	181855	66716
3658	181924	66674
3659	181975	66625
3660	182045	66582
3661	182100	66534
3662	182140	66481
3663	182195	66433
3664	182270	66393
3665	182328	66346
3666	182377	66296
3667	182436	66250
3668	182491	66202
3669	182530	66148
3670	182584	66100
3671	182644	66054
3672	182698	66006
3673	182759	65960
3674	182816	65913
3675	182886	65870
3676	182950	65826
3677	183000	65776
3678	183061	65730
3679	183115	65682
3680	183182	65639
3681	183241	65592
3682	183294	65543
3683	183326	65487
3684	183377	65438
3685	183434	65391
3686	183493	65344
3687	183559	65301
3688	183605	65249
3689	183677	65207
3690	183748	65165
3691	183812	65121
3692	183882	65078
3693	183945	65033
3694	184009	64988
3695	184069	64942
3696	184136	64898
3697	184203	64854
3698	184279	64814
3699	184348	64771
3700	184409	64725
3701	184458	64675
3702	184526	64631
3703	184595	64588
3704	184662	64544
3705	184727	64500
3706	184799	64458
3707	184854	64409
3708	184902	64359
3709	184954	64310
3710	184998	64258
3711	185054	64210
3712	185111	64163
3713	185153	64110
3714	185213	64064
3715	185272	64017
3716	185322	63967
3717	185388	63923
3718	185448	63877
3719	185502	63828
3720	185551	63778
3721	185621	63735
3722	185689	63692
3723	185748	63645
3724	185812	63600
3725	185860	63549
3726	185923	63504
3727	185978	63456
3728	186049	63413
3729	186105	63365
3730	186173	63322
3731	186217	63270
3732	186276	63223
3733	186318	63170
3734	186374	63122
3735	186434	63076
3736	186498	63031
3737	186572	62989
3738	186629	62941
3739	186682	62893
3740	186745	62847
3741	186822	62806
3742	186878	62758
3743	186949	62715
3744	187014	62671
3745	187081	62626
3746	187125	62574
3747	187161	62520
3748	187213	62471
3749	187269	62423
3750	187338	62379
3751	187397	62332
3752	187448	62283
3753	187523	62241
3754	187578	62193
3755	187643	62148
3756	187690	62097
3757	187727	62042
3758	187812	62004
3759	187871	61957
3760	187909	61903
3761	187963	61854
3762	188046	61815
3763	188098	61766
3764	188153	61718
3765	188203	61668
3766	188272	61624
3767	188331	61577
3768	188409	61536
3769	188474	61491
3770	188537	61445
3771	188599	61399
3772	188669	61356
3773	188718	61306
3774	188775	61258
3775	188825	61208
3776	188896	61165
3777	188965	61121
3778	189029	61075
3779	189088	61028
3780	189152	60982
3781	189198	60931
3782	189257	60884
3783	189297	60831
3784	189358	60784
3785	189422	60739
3786	189472	60689
3787	189520	60638
3788	189586	60593
3789	189661	60551
3790	189724	60505
3791	189777	60456
3792	189853	60414
3793	189905	60365
3794	189977	60322
3795	190047	60278
3796	190121	60236
3797	190187	60191
3798	190258	60147
3799	190327	60103
3800	190381	60054
3801	190444	60008
3802	190526	59968
3803	190609	59928
3804	190689	59888
3805	190752	59841
3806	190824	59798
3807	190888	59752
3808	190948	59705
3809	191032	59666
3810	191072	59612
3811	191142	59569
3812	191183	59516
3813	191250	59471
3814	191302	59421
3815	191365	59375
3816	191406	59322
3817	191476	59278
3818	191523	59227
3819	191601	59185
3820	191664	59139
3821	191723	59092
3822	191763	59038
3823	191816	58989
3824	191876	58942
3825	191915	58888
3826	191971	58840
3827	192040	58796
3828	192120	58755
3829	192182	58708
3830	192223	58655
3831	192277	58606
3832	192326	58555
3833	192378	58506
3834	192444	58460
3835	192506	58414
3836	192574	58369
3837	192619	58317
3838	192693	58274
3839	192760	58229
3840	192818	58182
3841	192879	58135
3842	192934	58086
3843	192994	58038
3844	193046	57989
3845	193103	57941
3846	193179	57898
3847	193235	57850
3848	193307	57806
3849	193374	57761
3850	193443	57716
3851	193488	57664
3852	193538	57614
3853	193598	57567
3854	193652	57517
3855	193703	57467
3856	193768	57422
3857	193811	57369
3858	193874	57323
3859	193925	57273
3860	193982	57225
3861	194053	57180
3862	194125	57137
3863	194175	57086
3864	194208	57031
3865	194260	56981
3866	194323	56935
3867	194381	56887
3868	194440	56839
3869	194507	56794
3870	194582	56751
3871	194631	56700
3872	194695	56654
3873	194747	56604
3874	194800	56555
3875	194855	56506
3876	194915	56458
3877	194978	56412
3878	195047	56367
3879	195106	56319
3880	195161	56270
3881	195233	56226
3882	195291	56178
3883	195344	56128
3884	195387	56076
3885	195452	56030
3886	195503	55980
3887	195579	55937
3888	195653	55893
3889	195707	55844
3890	195769	55797
3891	195842	55753
3892	195911	55708
3893	195971	55661
3894	196020	55610
3895	196064	55558
3896	196121	55509
3897	196169	55459
3898	196222	55409
3899	196299	55366
3900	196347	55315
3901	196412	55269
3902	196480	55224
3903	196541	55176
3904	196608	55130
3905	196670	55083
3906	196736	55037
3907	196787	54987
3908	196841	54938
3909	196896	54889
3910	196936	54836
3911	197012	54792
3912	197083	54748
3913	197127	54696
3914	197184	54647
3915	197234	54597
3916	197303	54551
3917	197376	54507
3918	197430	54458
3919	197497	54412
3920	197551	54363
3921	197616	54316
3922	197670	54267
3923	197734	54220
3924	197778	54168
3925	197827	54117
3926	197904	54074
3927	197954	54024
3928	198002	53973
3929	198061	53925
3930	198115	53875
3931	198184	53830
3932	198223	53776
3933	198274	53726
3934	198311	53672
3935	198377	53626
3936	198418	53573
3937	198470	53523
3938	198541	53478
3939	198610	53433
3940	198682	53388
3941	198739	53339
3942	198795	53290
3943	198868	53246
3944	198935	53200
3945	199005	53155
3946	199069	53108
3947	199127	53060
3948	199188	53012
3949	199270	52970
3950	199332	52923
3951	199391	52874
3952	199451	52827
3953	199515	52780
3954	199610	52741
3955	199679	52696
3956	199728	52645
3957	199780	52594
3958	199865	52553
3959	199908	52501
3960	199966	52452
3961	200038	52407
3962	200119	52365
3963	200181	52317
3964	200225	52265
3965	200300	52221
3966	200363	52174
3967	200426	52126
3968	200503	52083
3969	200571	52037
3970	200642	51992
3971	200698	51943
3972	200781	51900
3973	200840	51852
3974	200876	51798
3975	200927	51747
3976	200993	51701
3977	201052	51652
3978	201116	51605
3979	201184	51559
3980	201229	51507
3981	201270	51454
3982	201325	51405
3983	201400	51361
3984	201455	51311
3985	201516	51263
3986	201563	51212
3987	201636	51167
3988	201694	51118
3989	201763	51072
3990	201798	51018
3991	201859	50970
3992	201903	50918
3993	201940	50864
3994	202008	50818
3995	202071	50770
3996	202137	50723
3997	202213	50679
3998	202278	50632
3999	202347	50586
4000	202408	50538
4001	202456	50487
4002	202530	50442
4003	202591	50394
4004	202635	50342
4005	202698	50295
4006	202754	50245
4007	202798	50193
4008	202843	50141
4009	202916	50096
4010	202974	50047
4011	203028	49998
4012	203075	49946
4013	203137	49898
4014	203197	49850
4015	203258	49802
4016	203311	49752
4017	203385	49707
4018	203456	49661
4019	203499	49609
4020	203555	49559
4021	203603	49508
4022	203664	49460
4023	203732	49414
4024	203811	49370
4025	203878	49323
4026	203974	49284
4027	204029	49234
4028	204080	49183
4029	204151	49138
4030	204223	49092
4031	204296	49047
4032	204350	48997
4033	204410	48949
4034	204472	48901
4035	204519	48849
4036	204566	48798
4037	204605	48744
4038	204666	48696
4039	204730	48648
4040	204777	48597
4041	204853	48552
4042	204888	48498
4043	204950	48450
4044	205024	48405
4045	205071	48353
4046	205138	48306
4047	205208	48260
4048	205265	48211
4049	205316	48160
4050	205377	48112
4051	205458	48068
4052	205518	48020
4053	205590	47974
4054	205639	47923
4055	205682	47870
4056	205736	47820
4057	205787	47770
4058	205857	47723
4059	205907	47673
4060	205964	47623
4061	206021	47574
4062	206104	47531
4063	206158	47481
4064	206213	47431
4065	206285	47385
4066	206339	47335
4067	206386	47284
4068	206442	47234
4069	206499	47185
4070	206555	47135
4071	206621	47088
4072	206684	47040
4073	206725	46987
4074	206780	46938
4075	206832	46887
4076	206866	46832
4077	206901	46778
4078	206964	46730
4079	207012	46679
4080	207066	46629
4081	207124	46580
4082	207190	46532
4083	207247	46483
4084	207308	46435
4085	207359	46384
4086	207420	46336
4087	207478	46286
4088	207537	46237
4089	207590	46187
4090	207665	46142
4091	207706	46089
4092	207759	46039
4093	207809	45988
4094	207867	45939
4095	207935	45891
4096	207993	45842
4097	208035	45790
4098	208090	45740
4099	208161	45693
4100	208234	45648
4101	208283	45596
4102	208360	45551
4103	208418	45502
4104	208483	45455
4105	208535	45404
4106	208606	45358
4107	208666	45309
4108	208706	45256
4109	208760	45205
4110	208821	45157
4111	208888	45110
4112	208946	45061
4113	209001	45011
4114	209050	44959
4115	209106	44910
4116	209173	44862
4117	209227	44812
4118	209292	44764
4119	209352	44715
4120	209401	44664
4121	209468	44617
4122	209541	44571
4123	209604	44523
4124	209666	44474
4125	209724	44425
4126	209789	44377
4127	209849	44328
4128	209891	44275
4129	209953	44227
4130	210019	44179
4131	210063	44127
4132	210137	44081
4133	210217	44036
4134	210284	43989
4135	210343	43940
4136	210397	43889
4137	210449	43839
4138	210499	43788
4139	210545	43736
4140	210604	43687
4141	210665	43638
4142	210715	43587
4143	210763	43536
4144	210823	43487
4145	210884	43438
4146	210925	43385
4147	210979	43335
4148	211009	43280
4149	211070	43231
4150	211146	43185
4151	211219	43139
4152	211268	43087
4153	211323	43038
4154	211389	42990
4155	211460	42943
4156	211511	42892
4157	211576	42844
4158	211637	42795
4159	211700	42747
4160	211771	42700
4161	211841	42653
4162	211898	42603
4163	211957	42554
4164	212008	42503
4165	212087	42458
4166	212163	42412
4167	212209	42360
4168	212282	42313
4169	212333	42263
4170	212381	42211
4171	212450	42164
4172	212531	42119
4173	212588	42069
4174	212646	42020
4175	212709	41971
4176	212764	41921
4177	212807	41868
4178	212879	41821
4179	212938	41772
4180	213007	41725
4181	213077	41678
4182	213145	41630
4183	213210	41582
4184	213266	41532
4185	213346	41486
4186	213408	41437
4187	213462	41387
4188	213508	41335
4189	213584	41289
4190	213645	41240
4191	213716	41193
4192	213774	41143
4193	213826	41093
4194	213915	41049
4195	213999	41004
4196	214052	40954
4197	214127	40907
4198	214218	40864
4199	214287	40816
4200	214350	40767
4201	214416	40719
4202	214485	40672
4203	214539	40621
4204	214605	40573
4205	214672	40525
4206	214741	40477
4207	214802	40428
4208	214897	40385
4209	214956	40336
4210	215000	40283
4211	215040	40230
4212	215101	40181
4213	215158	40131
4214	215231	40084
4215	215298	40036
4216	215343	39984
4217	215407	39935
4218	215472	39887
4219	215543	39839
4220	215597	39789
4221	215672	39742
4222	215738	39694
4223	215794	39644
4224	215884	39600
4225	215937	39549
4226	216006	39501
4227	216077	39454
4228	216134	39404
4229	216194	39354
4230	216268	39307
4231	216346	39261
4232	216396	39210
4233	216443	39158
4234	216522	39112
4235	216588	39063
4236	216648	39014
4237	216719	38966
4238	216800	38920
4239	216864	38871
4240	216915	38820
4241	217006	38776
4242	217093	38731
4243	217159	38683
4244	217215	38633
4245	217274	38583
4246	217353	38537
4247	217416	38488
4248	217487	38440
4249	217535	38388
4250	217603	38340
4251	217667	38291
4252	217741	38244
4253	217807	38195
4254	217863	38145
4255	217938	38098
4256	217997	38048
4257	218079	38002
4258	218142	37953
4259	218223	37907
4260	218297	37860
4261	218358	37810
4262	218447	37765
4263	218503	37715
4264	218564	37665
4265	218620	37615
4266	218698	37568
4267	218757	37518
4268	218819	37469
4269	218894	37422
4270	218960	37373
4271	219029	37325
4272	219104	37278
4273	219158	37227
4274	219217	37177
4275	219286	37128
4276	219372	37083
4277	219437	37034
4278	219498	36984
4279	219568	36936
4280	219621	36885
4281	219679	36835
4282	219764	36789
4283	219832	36741
4284	219903	36693
4285	219963	36643
4286	220044	36597
4287	220100	36546
4288	220179	36499
4289	220247	36451
4290	220298	36399
4291	220367	36351
4292	220436	36303
4293	220507	36254
4294	220575	36206
4295	220664	36161
4296	220751	36115
4297	220815	36066
4298	220898	36020
4299	220961	35970
4300	221030	35921
4301	221104	35874
4302	221192	35828
4303	221245	35777
4304	221320	35729
4305	221380	35680
4306	221458	35632
4307	221496	35579
4308	221571	35531
4309	221610	35478
4310	221676	35429
4311	221732	35378
4312	221812	35331
4313	221870	35281
4314	221922	35229
4315	221985	35180
4316	222041	35129
4317	222085	35076
4318	222160	35029
4319	222221	34979
4320	222296	34931
4321	222357	34881
4322	222413	34830
4323	222462	34779
4324	222524	34729
4325	222591	34680
4326	222652	34630
4327	222721	34581
4328	222783	34531
4329	222857	34483
4330	222904	34431
4331	222945	34378
4332	223033	34332
4333	223080	34280
4334	223136	34229
4335	223170	34175
4336	223249	34128
4337	223292	34075
4338	223341	34023
4339	223432	33978
4340	223490	33927
4341	223547	33877
4342	223617	33828
4343	223674	33777
4344	223715	33724
4345	223788	33676
4346	223852	33626
4347	223927	33578
4348	224004	33531
4349	224085	33484
4350	224152	33434
4351	224228	33387
4352	224296	33337
4353	224376	33290
4354	224433	33239
4355	224510	33192
4356	224578	33142
4357	224675	33098
4358	224777	33053
4359	224841	33004
4360	224902	32954
4361	224957	32902
4362	225021	32853
4363	225053	32798
4364	225122	32749
4365	225172	32697
4366	225250	32650
4367	225309	32599
4368	225372	32549
4369	225422	32498
4370	225479	32447
4371	225535	32396
4372	225600	32346
4373	225684	32299
4374	225766	32252
4375	225838	32203
4376	225888	32151
4377	225959	32102
4378	226028	32053
4379	226094	32004
4380	226164	31955
4381	226232	31905
4382	226296	31856
4383	226365	31806
4384	226443	31758
4385	226516	31710
4386	226561	31657
4387	226601	31604
4388	226656	31553
4389	226723	31503
4390	226771	31451
4391	226834	31401
4392	226901	31351
4393	226964	31301
4394	227019	31250
4395	227089	31201
4396	227153	31151
4397	227229	31103
4398	227296	31053
4399	227364	31004
4400	227421	30953
4401	227482	30902
4402	227551	30853
4403	227606	30802
4404	227675	30752
4405	227740	30703
4406	227809	30653
4407	227885	30605
4408	227953	30555
4409	228033	30507
4410	228106	30458
4411	228152	30406
4412	228219	30356
4413	228299	30308
4414	228367	30259
4415	228455	30212
4416	228517	30162
4417	228577	30111
4418	228651	30062
4419	228722	30013
4420	228769	29960
4421	228821	29909
4422	228877	29858
4423	228935	29807
4424	229019	29759
4425	229069	29707
4426	229132	29657
4427	229191	29606
4428	229258	29556
4429	229326	29507
4430	229388	29456
4431	229473	29409
4432	229541	29359
4433	229597	29308
4434	229642	29255
4435	229696	29203
4436	229738	29150
4437	229827	29103
4438	229885	29052
4439	229935	29000
4440	229980	28948
4441	230064	28900
4442	230132	28850
4443	230183	28798
28146
4448	226854	28095
4449	226908	28044
4450	226979	27996
4451	227037	27946
4452	227108	27897
4453	227162	27847
4454	227240	27799
4455	227299	27749
4456	227338	27696
4457	227405	27647
4458	227467	27598
4459	227517	27546
4460	227582	27497
4461	227625	27445
4462	227672	27394
4463	227737	27344
4464	227810	27296
4465	227880	27247
4466	227962	27200
4467	227999	27147
4468	228069	27098
4469	228148	27051
4470	228207	27001
4471	228261	26950
4472	228341	26902
4473	228405	26853
4474	228464	26803
4475	228516	26752
4476	228582	26702
4477	228663	26655
4478	228731	26606
4479	228792	26556
4480	228846	26505
4481	228902	26454
4482	228970	26405
4483	229033	26356
4484	229105	26307
4485	229166	26257
4486	229208	26205
4487	229290	26157
4488	229334	26105
4489	229387	26055
4490	229444	26004
4491	229506	25954
4492	229563	25904
4493	229620	25853
4494	229673	25803
4495	229746	25754
4496	229821	25706
4497	229878	25655
4498	229906	25601
21190
4531	204758	21144
4532	204805	21099
4533	204863	21055
4534	204927	21012
4535	204969	20966
4536	205028	20923
4537	205073	20877
4538	205145	20835
4539	205190	20790
4540	205249	20746
4541	205313	20703
4542	205375	20659
4543	205428	20615
4544	205470	20569
4545	205519	20524
4546	205566	20479
4547	205623	20435
4548	205679	20391
4549	205722	20346
4550	205772	20301
4551	205840	20258
4552	205879	20212
4553	205954	20170
4554	206007	20125
4555	206062	20081
4556	206122	20037
4557	206175	19993
4558	206227	19948
4559	206286	19904
4560	206340	19860
4561	206403	19816
4562	206456	19772
4563	206518	19728
4564	206591	19686
4565	206639	19641
4566	206692	19596
4567	206757	19553
4568	206809	19508
4569	206847	19462
4570	206883	19416
4571	206942	19372
4572	207005	19328
4573	207058	19284
4574	207113	19240
4575	207170	19195
4576	207217	19150
4577	207259	19105
4578	207312	19060
4579	207368	19016
4580	207438	18973
4581	207503	18929
4582	207569	18886
4583	207623	18841
4584	207684	18798
4585	207731	18752
4586	207791	18708
4587	207857	18665
4588	207906	18620
4589	207965	18576
4590	208027	18532
4591	208077	18487
4592	208148	18444
4593	208194	18399
4594	208255	18355
4595	208299	18310
4596	208347	18264
4597	208379	18218
4598	208423	18173
4599	208469	18127
4600	208527	18083
4601	208559	18037
4602	208613	17992
4603	208675	17948
4604	208725	17903
4605	208797	17860
4606	208848	17815
4607	208883	17769
4608	208935	17724
4609	208977	17679
4610	209015	17633
4611	209077	17589
4612	209133	17544
4613	209206	17501
4614	209237	17455
4615	209294	17411
4616	209358	17367
4617	209415	17322
4618	209459	17277
4619	209505	17232
4620	209558	17187
4621	209613	17142
4622	209668	17098
4623	209725	17053
4624	209769	17008
4625	209821	16963
4626	209888	16919
4627	209955	16876
4628	210020	16832
4629	210079	16788
4630	210136	16743
4631	210198	16699
4632	210276	16656
4633	210354	16614
4634	210404	16569
4635	210455	16524
4636	210532	16481
4637	210586	16436
4638	210635	16391
4639	210691	16346
4640	210735	16301
4641	210803	16257
4642	210873	16214
4643	210947	16170
4644	211026	16127
4645	211094	16084
4646	211131	16038
4647	211171	15992
4648	211234	15948
4649	211291	15903
4650	211364	15860
4651	211440	15817
4652	211489	15771
4653	211544	15727
4654	211603	15682
4655	211660	15638
4656	211714	15593
4657	211767	15548
4658	211826	15503
4659	211882	15459
4660	211926	15413
4661	211972	15368
4662	212031	15323
4663	212110	15280
4664	212169	15236
4665	212240	15192
4666	212283	15146
4667	212335	15101
4668	212400	15057
4669	212458	15013
4670	212534	14969
4671	212593	14925
4672	212658	14881
4673	212698	14835
4674	212747	14789
4675	212809	14745
4676	212857	14700
4677	212920	14655
4678	212973	14610
4679	213038	14566
4680	213105	14522
4681	213176	14478
4682	213224	14433
4683	213254	14386
4684	213311	14342
4685	213389	14298
4686	213427	14252
4687	213492	14208
4688	213551	14163
4689	213616	14119
4690	213665	14074
4691	213731	14030
4692	213781	13984
4693	213844	13940
4694	213902	13895
4695	213952	13850
4696	214013	13805
4697	214084	13761
4698	214131	13716
4699	214210	13673
4700	214289	13629
4701	214350	13584
4702	214413	13540
4703	214482	13496
4704	214551	13452
4705	214623	13408
4706	214685	13363
4707	214749	13319
4708	214796	13273
4709	214870	13229
4710	214917	13184
4711	214952	13138
4712	215017	13093
4713	215086	13049
4714	215154	13005
4715	215205	12959
4716	215257	12914
4717	215315	12869
4718	215375	12824
4719	215414	12778
4720	215453	12732
4721	215517	12688
4722	215563	12642
4723	215627	12598
4724	215684	12553
4725	215753	12508
4726	215805	12463
4727	215849	12417
4728	215892	12371
4729	215971	12328
4730	216043	12284
4731	216100	12238
4732	216149	12193
4733	216198	12148
4734	216256	12103
4735	216320	12058
4736	216380	12013
4737	216427	11967
4738	216489	11923
4739	216533	11877
4740	216591	11832
4741	216652	11787
4742	216713	11742
4743	216768	11697
4744	216830	11652
4745	216885	11607
4746	216975	11564
4747	217045	11519
4748	217098	11474
4749	217163	11429
4750	217219	11384
4751	217273	11339
4752	217344	11294
4753	217403	11249
4754	217446	11203
4755	217505	11158
4756	217565	11113
4757	217623	11068
4758	217675	11023
4759	217733	10978
4760	217787	10932
4761	217860	10888
4762	217905	10842
4763	217974	10798
4764	218044	10753
4765	218102	10708
4766	218157	10663
4767	218211	10617
4768	218244	10571
4769	218286	10525
4770	218332	10479
4771	218378	10433
4772	218434	10388
4773	218485	10343
4774	218553	10298
4775	218603	10252
4776	218656	10207
4777	218715	10162
4778	218782	10117
4779	218827	10071
4780	218880	10026
4781	218930	9980
4782	219013	9936
4783	219083	9891
4784	219143	9846
4785	219190	9800
4786	219244	9755
4787	219315	9710
4788	219379	9665
4789	219442	9620
4790	219499	9575
4791	219558	9530
4792	219614	9484
4793	219690	9440
4794	219749	9394
4795	219798	9349
4796	219850	9303
4797	219921	9258
4798	219999	9214
4799	220061	9169
4800	220113	9123
4801	220162	9077
4802	220229	9032
4803	220291	8987
4804	220334	8941
4805	220388	8896
4806	220449	8851
4807	220515	8805
4808	220560	8760
4809	220600	8713
4810	220649	8668
4811	220712	8622
4812	220762	8577
4813	220819	8531
4814	220867	8486
4815	220923	8440
4816	220985	8395
4817	221044	8349
4818	221103	8304
4819	221163	8259
4820	221224	8213
4821	221272	8168
4822	221321	8122
4823	221369	8076
4824	221428	8031
4825	221504	7986
4826	221563	7940
4827	221628	7895
4828	221688	7850
4829	221756	7805
4830	221825	7760
4831	221886	7714
4832	221947	7669
4833	222000	7623
4834	222046	7577
4835	222093	7531
4836	222154	7486
4837	222213	7440
4838	222273	7395
4839	222324	7349
4840	222370	7303
4841	222437	7258
4842	222488	7212
4843	222556	7167
4844	222617	7121
4845	222668	7076
4846	222723	7030
4847	222782	6984
4848	222828	6938
4849	222882	6893
4850	222941	6847
4851	222998	6802
4852	223057	6756
4853	223112	6710
4854	223188	6665
4855	223239	6619
4856	223321	6575
4857	223384	6529
4858	223441	6483
4859	223524	6438
4860	223578	6393
4861	223642	6347
4862	223711	6302
4863	223774	6256
4864	223831	6211
4865	223899	6165
4866	223973	6120
4867	224017	6074
4868	224067	6028
4869	224107	5982
4870	224164	5936
4871	224200	5890
4872	224261	5844
4873	224319	5798
4874	224369	5753
4875	224426	5707
4876	224483	5661
4877	224549	5616
4878	224615	5570
4879	224681	5524
4880	224748	5479
4881	224827	5434
4882	224887	5388
4883	224940	5342
4884	224987	5296
4885	225033	5250
4886	225079	5204
4887	225138	5158
4888	225204	5113
4889	225264	5067
4890	225341	5021
4891	225391	4975
4885	224221	5231
4886	224269	5185
4887	224312	5139
4888	224369	5094
4889	224435	5048
4890	224499	5003
4891	224562	4957
4892	224614	4911
4893	224653	4865
4894	224717	4820
4895	224763	4774
4896	224815	4728
4897	224898	4683
4898	224942	4637
4899	224996	4591
4900	225069	4546
4901	225121	4500
4902	225195	4455
4903	225253	4409
4904	225310	4363
4905	225364	4318
4906	225428	4272
4907	225467	4226
4908	225520	4180
4909	225586	4134
4910	225646	4089
4911	225704	4043
4912	225757	3997
4913	225821	3952
4914	225883	3906
4915	225951	3860
4916	226009	3815
4917	226059	3769
4918	226115	3723
4919	226153	3677
4920	226207	3631
4921	226260	3585
4922	226338	3540
4923	226399	3494
4924	226457	3448
4925	226526	3402
4926	226581	3357
4927	226634	3311
4928	226692	3265
4929	226758	3219
4930	226811	3173
4931	226868	3127
4932	226919	3082
4933	226973	3036
4934	227040	2990
4935	227092	2944
4936	227168	2898
4937	227207	2852
